,points
0,[[[ 581 1023]]]
1,"[[[ 533 1023]]

 [[ 537 1023]]]"
2,"[[[  63 1016]]

 [[  64 1016]]

 [[  65 1015]]

 [[  63 1015]]]"
3,"[[[   0 1015]]

 [[   0 1019]]]"
4,"[[[1023 1009]]

 [[1023 1016]]]"
5,[[[ 961 1007]]]
6,[[[ 422 1007]]]
7,"[[[ 663 1005]]

 [[ 662 1005]]

 [[ 662 1006]]]"
8,"[[[  26 1004]]

 [[  25 1005]]

 [[  26 1005]]]"
9,"[[[ 947 1003]]

 [[ 947 1004]]

 [[ 946 1005]]

 [[ 948 1005]]

 [[ 949 1004]]

 [[ 950 1005]]

 [[ 950 1009]]

 [[ 953 1009]]

 [[ 953 1008]]

 [[ 952 1007]]

 [[ 952 1006]]

 [[ 951 1005]]

 [[ 951 1004]]

 [[ 950 1004]]

 [[ 949 1003]]]"
10,"[[[ 651 1002]]

 [[ 650 1003]]

 [[ 651 1004]]

 [[ 652 1003]]]"
11,"[[[  56 1001]]

 [[  53 1001]]

 [[  51 1003]]

 [[  51 1007]]

 [[  53 1009]]

 [[  54 1008]]

 [[  54 1005]]

 [[  56 1003]]]"
12,"[[[1023  999]]

 [[1023 1000]]]"
13,"[[[ 624  998]]

 [[ 624  999]]

 [[ 623 1000]]

 [[ 623 1002]]

 [[ 624 1003]]

 [[ 626 1003]]

 [[ 626 1002]]

 [[ 627 1001]]

 [[ 627  999]]

 [[ 626  998]]]"
14,[[[885 997]]]
15,"[[[ 871  998]]

 [[ 873 1001]]

 [[ 873 1004]]

 [[ 872 1005]]

 [[ 872 1010]]

 [[ 873 1011]]

 [[ 877 1009]]

 [[ 884 1009]]

 [[ 888 1004]]

 [[ 888 1002]]

 [[ 886  999]]

 [[ 882 1002]]

 [[ 881 1007]]

 [[ 878 1008]]

 [[ 876 1006]]

 [[ 876 1000]]

 [[ 873  997]]]"
16,"[[[ 742 1002]]

 [[ 746 1002]]

 [[ 747 1001]]

 [[ 747 1000]]

 [[ 750  997]]

 [[ 751  998]]

 [[ 754  999]]

 [[ 754  997]]

 [[ 747  997]]

 [[ 745  999]]

 [[ 742 1000]]]"
17,"[[[648 997]]

 [[648 998]]

 [[649 998]]

 [[649 997]]]"
18,"[[[ 581  997]]

 [[ 581  998]]

 [[ 580  999]]

 [[ 580 1000]]

 [[ 581 1001]]

 [[ 581 1002]]

 [[ 585 1002]]

 [[ 585  999]]

 [[ 584  998]]

 [[ 583  998]]

 [[ 582  997]]]"
19,"[[[ 257  998]]

 [[ 255  998]]

 [[ 254  997]]

 [[ 253  998]]

 [[ 252  998]]

 [[ 252  999]]

 [[ 250 1001]]

 [[ 250 1002]]

 [[ 251 1003]]

 [[ 255 1003]]

 [[ 256 1002]]

 [[ 256  999]]]"
20,"[[[268 994]]

 [[267 993]]

 [[266 994]]]"
21,[[[674 991]]]
22,"[[[561 991]]

 [[561 992]]]"
23,"[[[757 997]]

 [[761 997]]

 [[762 996]]

 [[766 996]]

 [[767 995]]

 [[769 995]]

 [[770 994]]

 [[770 992]]

 [[768 990]]

 [[761 990]]

 [[760 991]]

 [[759 991]]

 [[757 993]]]"
24,"[[[742 987]]

 [[743 987]]]"
25,"[[[716 987]]

 [[715 988]]

 [[715 990]]

 [[716 989]]]"
26,[[[286 985]]]
27,"[[[154 985]]

 [[151 985]]

 [[151 988]]

 [[152 988]]

 [[152 987]]

 [[153 986]]

 [[154 986]]]"
28,"[[[384 982]]

 [[381 982]]

 [[378 985]]

 [[378 989]]

 [[379 990]]

 [[380 990]]

 [[382 988]]

 [[383 988]]

 [[384 987]]

 [[385 987]]

 [[386 986]]

 [[386 985]]

 [[385 984]]

 [[385 983]]]"
29,"[[[244 982]]

 [[242 982]]

 [[240 984]]

 [[240 986]]

 [[241 987]]

 [[242 987]]

 [[242 986]]

 [[244 984]]]"
30,"[[[715 981]]

 [[716 982]]

 [[716 983]]

 [[718 983]]

 [[721 980]]

 [[722 980]]

 [[723 979]]

 [[716 979]]

 [[715 980]]]"
31,"[[[636 979]]

 [[636 981]]

 [[637 981]]

 [[637 979]]]"
32,"[[[249 977]]

 [[248 978]]

 [[249 979]]

 [[250 979]]

 [[250 978]]]"
33,"[[[552 974]]

 [[551 973]]

 [[550 974]]]"
34,"[[[807 971]]

 [[806 972]]

 [[806 975]]

 [[807 974]]]"
35,"[[[836 970]]

 [[836 972]]

 [[837 973]]

 [[839 973]]

 [[840 972]]

 [[841 972]]

 [[844 974]]

 [[846 974]]

 [[848 972]]

 [[845 969]]

 [[837 969]]]"
36,"[[[579 966]]

 [[578 966]]

 [[577 967]]

 [[577 970]]

 [[576 971]]

 [[576 972]]

 [[578 972]]

 [[578 969]]

 [[579 968]]]"
37,"[[[108 963]]

 [[106 963]]

 [[104 965]]

 [[104 966]]

 [[102 968]]

 [[102 970]]

 [[103 969]]

 [[106 969]]

 [[107 968]]

 [[107 965]]

 [[108 964]]]"
38,"[[[792 962]]

 [[792 964]]

 [[793 965]]

 [[794 965]]

 [[794 963]]

 [[793 962]]]"
39,"[[[568 961]]

 [[567 961]]

 [[566 962]]

 [[568 962]]]"
40,"[[[382 957]]

 [[382 958]]

 [[385 958]]

 [[385 957]]

 [[384 956]]

 [[383 956]]]"
41,"[[[537 954]]

 [[537 956]]

 [[538 956]]

 [[538 954]]]"
42,"[[[187 954]]

 [[189 956]]

 [[190 955]]

 [[189 954]]]"
43,[[[710 952]]]
44,"[[[701 948]]

 [[698 948]]

 [[698 954]]

 [[699 954]]

 [[700 953]]

 [[700 952]]

 [[701 951]]]"
45,"[[[ 11 948]]

 [[ 11 949]]

 [[ 12 950]]

 [[ 11 949]]]"
46,"[[[871 946]]

 [[871 948]]

 [[872 948]]

 [[872 946]]]"
47,"[[[1023  943]]

 [[1023  944]]]"
48,"[[[476 945]]

 [[476 946]]

 [[477 947]]

 [[480 947]]

 [[481 946]]

 [[482 946]]

 [[481 945]]

 [[480 945]]

 [[479 944]]

 [[479 943]]

 [[478 942]]

 [[477 943]]

 [[477 944]]]"
49,[[[202 942]]]
50,"[[[126 942]]

 [[127 942]]]"
51,"[[[993 940]]

 [[992 941]]

 [[991 941]]

 [[993 943]]

 [[994 942]]

 [[994 941]]]"
52,"[[[486 940]]

 [[486 942]]

 [[487 942]]

 [[487 940]]]"
53,"[[[795 938]]

 [[782 939]]

 [[775 943]]

 [[775 947]]

 [[779 948]]

 [[784 956]]

 [[779 960]]

 [[784 970]]

 [[783 975]]

 [[788 977]]

 [[789 980]]

 [[795 977]]

 [[790 976]]

 [[786 969]]

 [[789 963]]

 [[787 955]]

 [[794 951]]

 [[792 946]]

 [[796 945]]]"
54,"[[[703 939]]

 [[702 938]]

 [[701 939]]]"
55,"[[[336 936]]

 [[336 937]]]"
56,[[[335 934]]]
57,"[[[857 931]]

 [[856 932]]

 [[856 934]]

 [[857 935]]

 [[857 936]]

 [[858 937]]

 [[858 931]]]"
58,"[[[530 932]]

 [[531 933]]

 [[531 934]]

 [[532 934]]

 [[533 935]]

 [[535 935]]

 [[536 934]]

 [[534 932]]

 [[533 932]]

 [[532 931]]

 [[531 932]]]"
59,"[[[1023  929]]

 [[1023  941]]]"
60,"[[[329 928]]

 [[328 928]]

 [[327 929]]

 [[326 929]]

 [[325 930]]

 [[325 932]]

 [[326 931]]

 [[328 931]]

 [[329 930]]]"
61,"[[[828 926]]

 [[827 927]]

 [[828 928]]

 [[829 928]]

 [[829 926]]]"
62,"[[[794 926]]

 [[793 927]]

 [[794 927]]

 [[797 930]]

 [[797 932]]

 [[798 932]]

 [[801 934]]

 [[802 933]]

 [[802 932]]

 [[801 932]]

 [[800 931]]

 [[802 929]]

 [[804 929]]

 [[804 926]]]"
63,"[[[  1 926]]

 [[  1 931]]]"
64,"[[[816 925]]

 [[815 926]]

 [[815 927]]

 [[817 929]]

 [[817 926]]]"
65,"[[[210 924]]

 [[209 924]]

 [[208 925]]

 [[208 929]]

 [[209 930]]

 [[211 928]]

 [[211 925]]]"
66,"[[[134 925]]

 [[134 926]]

 [[135 927]]

 [[135 928]]

 [[141 928]]

 [[141 926]]

 [[140 926]]

 [[138 924]]

 [[135 924]]]"
67,"[[[ 80 924]]

 [[ 79 925]]

 [[ 79 926]]

 [[ 80 927]]]"
68,"[[[845 921]]

 [[844 922]]

 [[844 923]]

 [[845 924]]

 [[845 930]]

 [[846 931]]

 [[850 931]]

 [[850 928]]

 [[852 926]]

 [[852 924]]

 [[850 922]]

 [[847 922]]

 [[846 921]]]"
69,"[[[ 67 920]]

 [[ 69 920]]

 [[ 70 919]]

 [[ 72 919]]

 [[ 67 919]]]"
70,"[[[858 919]]

 [[858 922]]

 [[859 923]]

 [[859 924]]

 [[861 924]]

 [[863 922]]

 [[864 922]]

 [[865 921]]

 [[866 921]]

 [[865 921]]

 [[862 918]]

 [[860 918]]

 [[859 919]]]"
71,"[[[418 918]]

 [[417 917]]

 [[416 917]]

 [[415 918]]

 [[415 920]]

 [[417 920]]

 [[418 919]]]"
72,"[[[404 915]]

 [[404 916]]

 [[405 916]]

 [[405 915]]]"
73,"[[[409 914]]

 [[408 915]]

 [[409 916]]]"
74,"[[[211 916]]

 [[211 918]]

 [[219 918]]

 [[220 917]]

 [[220 915]]

 [[217 915]]

 [[216 914]]

 [[214 914]]

 [[213 915]]

 [[212 915]]]"
75,"[[[433 914]]

 [[435 914]]

 [[436 915]]

 [[439 915]]

 [[439 914]]

 [[438 913]]

 [[435 913]]

 [[434 914]]]"
76,"[[[ 41 909]]

 [[ 41 910]]

 [[ 42 911]]

 [[ 43 911]]

 [[ 44 910]]

 [[ 43 909]]]"
77,[[[909 907]]]
78,"[[[314 906]]

 [[315 906]]

 [[316 907]]

 [[318 907]]

 [[318 905]]

 [[316 905]]

 [[315 906]]]"
79,"[[[484 904]]

 [[483 904]]

 [[482 905]]

 [[483 905]]]"
80,"[[[ 77 901]]

 [[ 77 902]]

 [[ 76 903]]

 [[ 77 903]]]"
81,"[[[ 26 898]]

 [[ 25 899]]

 [[ 25 903]]

 [[ 26 904]]

 [[ 26 906]]

 [[ 27 907]]

 [[ 29 907]]

 [[ 31 905]]

 [[ 31 904]]

 [[ 30 905]]

 [[ 28 903]]

 [[ 28 902]]

 [[ 27 901]]

 [[ 27 900]]

 [[ 26 899]]]"
82,[[[469 897]]]
83,"[[[100 896]]

 [[100 898]]

 [[101 898]]

 [[100 897]]]"
84,"[[[299 895]]

 [[299 896]]]"
85,"[[[147 895]]

 [[145 897]]

 [[143 897]]

 [[142 896]]

 [[141 896]]

 [[138 899]]

 [[139 900]]

 [[141 900]]

 [[142 899]]

 [[143 899]]

 [[144 898]]

 [[147 898]]]"
86,"[[[ 34 895]]

 [[ 34 897]]

 [[ 36 897]]

 [[ 36 895]]]"
87,"[[[ 17 894]]

 [[ 16 895]]

 [[ 16 897]]

 [[ 17 898]]

 [[ 19 896]]

 [[ 19 895]]

 [[ 18 895]]]"
88,"[[[593 893]]

 [[594 893]]]"
89,"[[[775 891]]

 [[776 891]]]"
90,"[[[478 890]]

 [[477 891]]

 [[478 891]]]"
91,"[[[592 887]]

 [[593 888]]

 [[593 887]]]"
92,"[[[560 888]]

 [[558 886]]

 [[557 887]]

 [[556 887]]

 [[555 888]]

 [[556 889]]

 [[555 890]]

 [[555 891]]

 [[559 891]]

 [[560 890]]]"
93,"[[[1023  884]]

 [[1023  893]]]"
94,"[[[294 884]]

 [[294 885]]

 [[295 886]]

 [[296 886]]

 [[296 884]]]"
95,"[[[833 882]]

 [[834 882]]]"
96,[[[833 880]]]
97,"[[[670 880]]

 [[670 883]]

 [[671 884]]

 [[673 884]]

 [[673 882]]

 [[671 880]]]"
98,"[[[ 88 878]]

 [[ 88 879]]

 [[ 90 879]]

 [[ 90 878]]]"
99,[[[ 23 878]]]
100,"[[[973 877]]

 [[972 877]]

 [[971 878]]

 [[972 879]]

 [[973 878]]]"
101,"[[[642 877]]

 [[641 876]]

 [[640 876]]

 [[638 878]]

 [[638 880]]

 [[641 880]]

 [[641 879]]

 [[642 878]]]"
102,[[[657 873]]]
103,[[[718 871]]]
104,"[[[1023  869]]

 [[1023  871]]]"
105,"[[[652 869]]

 [[652 870]]]"
106,"[[[1023  866]]

 [[1023  867]]]"
107,"[[[647 865]]

 [[647 866]]]"
108,"[[[414 865]]

 [[415 865]]]"
109,[[[956 862]]]
110,"[[[1004  859]]

 [[1004  861]]

 [[1005  861]]

 [[1006  860]]

 [[1007  860]]

 [[1007  859]]

 [[1006  860]]

 [[1005  859]]]"
111,"[[[1001  858]]

 [[1000  859]]

 [[1000  860]]

 [[1001  859]]]"
112,"[[[400 858]]

 [[401 858]]]"
113,"[[[590 856]]

 [[589 857]]

 [[588 857]]

 [[588 859]]

 [[589 860]]

 [[590 859]]]"
114,"[[[710 854]]

 [[711 854]]]"
115,"[[[593 850]]

 [[592 850]]

 [[592 851]]

 [[591 852]]

 [[592 853]]

 [[593 852]]]"
116,"[[[1023  849]]

 [[1023  861]]]"
117,"[[[938 847]]

 [[938 848]]

 [[939 849]]

 [[940 849]]

 [[940 847]]]"
118,"[[[861 838]]

 [[859 838]]

 [[858 839]]

 [[857 839]]

 [[857 842]]

 [[858 843]]

 [[859 843]]

 [[860 842]]

 [[860 840]]

 [[861 839]]]"
119,"[[[178 838]]

 [[177 839]]

 [[177 840]]

 [[179 842]]

 [[180 842]]

 [[180 841]]

 [[179 840]]

 [[179 838]]]"
120,"[[[895 832]]

 [[894 833]]

 [[895 834]]

 [[896 834]]

 [[896 832]]]"
121,[[[1023  831]]]
122,"[[[755 829]]

 [[753 829]]

 [[751 831]]

 [[750 831]]

 [[750 832]]

 [[749 833]]

 [[750 834]]

 [[752 834]]

 [[752 833]]

 [[753 832]]

 [[753 830]]

 [[754 829]]]"
123,"[[[581 829]]

 [[581 830]]

 [[582 830]]]"
124,"[[[399 828]]

 [[399 831]]

 [[400 831]]

 [[399 830]]]"
125,"[[[391 828]]

 [[392 828]]]"
126,"[[[224 828]]

 [[223 829]]

 [[223 832]]

 [[224 833]]

 [[224 837]]

 [[225 838]]

 [[228 838]]

 [[226 836]]

 [[226 835]]

 [[225 834]]

 [[225 832]]

 [[226 831]]

 [[226 829]]

 [[225 828]]]"
127,"[[[ 61 829]]

 [[ 61 830]]

 [[ 64 830]]

 [[ 65 829]]

 [[ 67 831]]

 [[ 67 832]]

 [[ 68 833]]

 [[ 71 833]]

 [[ 72 834]]

 [[ 73 833]]

 [[ 72 832]]

 [[ 72 829]]

 [[ 71 829]]

 [[ 69 827]]

 [[ 67 827]]

 [[ 65 829]]]"
128,"[[[521 826]]

 [[521 827]]

 [[520 828]]

 [[520 829]]

 [[521 830]]

 [[522 830]]

 [[522 829]]

 [[523 828]]

 [[523 827]]

 [[522 826]]]"
129,"[[[1023  825]]

 [[1023  827]]]"
130,"[[[112 824]]

 [[112 825]]

 [[113 825]]

 [[113 824]]]"
131,"[[[369 822]]

 [[368 823]]

 [[367 823]]

 [[366 824]]

 [[366 825]]

 [[368 825]]

 [[369 824]]]"
132,"[[[ 94 822]]

 [[ 94 825]]

 [[ 93 826]]

 [[ 93 830]]

 [[ 94 831]]

 [[ 95 830]]

 [[ 98 830]]

 [[101 828]]

 [[105 828]]

 [[106 829]]

 [[106 825]]

 [[105 824]]

 [[103 824]]

 [[101 822]]

 [[100 823]]

 [[100 825]]

 [[ 98 827]]

 [[ 96 825]]

 [[ 96 823]]]"
133,[[[890 821]]]
134,"[[[833 820]]

 [[831 820]]

 [[830 821]]

 [[830 822]]

 [[829 823]]

 [[829 824]]

 [[831 824]]

 [[833 822]]]"
135,"[[[693 820]]

 [[693 822]]

 [[695 822]]

 [[694 821]]

 [[694 820]]]"
136,"[[[598 816]]

 [[598 820]]]"
137,"[[[709 815]]

 [[709 817]]

 [[710 818]]

 [[711 817]]

 [[711 816]]

 [[710 815]]]"
138,[[[ 38 815]]]
139,"[[[658 814]]

 [[658 815]]

 [[659 815]]

 [[659 814]]]"
140,"[[[442 811]]

 [[442 814]]

 [[443 815]]

 [[443 817]]

 [[444 817]]

 [[448 821]]

 [[448 822]]

 [[449 823]]

 [[450 823]]

 [[450 821]]

 [[447 818]]

 [[447 817]]

 [[446 816]]

 [[444 816]]

 [[443 815]]

 [[444 812]]

 [[443 811]]]"
141,"[[[537 810]]

 [[536 810]]

 [[533 813]]

 [[533 817]]

 [[532 818]]

 [[532 822]]

 [[533 823]]

 [[534 826]]

 [[535 826]]

 [[536 827]]

 [[537 826]]

 [[537 824]]

 [[536 823]]

 [[535 820]]

 [[536 819]]

 [[536 815]]

 [[538 813]]

 [[538 811]]]"
142,"[[[146 808]]

 [[145 808]]

 [[144 809]]

 [[143 809]]

 [[142 810]]

 [[143 811]]

 [[146 811]]]"
143,"[[[846 808]]

 [[847 809]]

 [[851 809]]

 [[852 808]]

 [[851 807]]

 [[851 806]]

 [[848 806]]]"
144,"[[[565 806]]

 [[565 807]]]"
145,"[[[737 803]]

 [[736 804]]

 [[736 807]]

 [[735 808]]

 [[735 809]]

 [[736 810]]

 [[736 811]]

 [[738 811]]

 [[738 810]]

 [[739 809]]

 [[739 808]]

 [[740 807]]

 [[740 806]]

 [[739 805]]

 [[739 804]]

 [[738 804]]]"
146,[[[287 803]]]
147,"[[[1023  800]]

 [[1023  801]]]"
148,"[[[702 800]]

 [[701 801]]

 [[702 801]]]"
149,"[[[511 800]]

 [[510 799]]

 [[508 801]]

 [[508 802]]

 [[510 802]]

 [[511 801]]]"
150,"[[[572 794]]

 [[571 794]]

 [[570 793]]

 [[568 795]]

 [[568 796]]

 [[569 797]]

 [[571 797]]

 [[571 796]]

 [[572 795]]]"
151,"[[[517 788]]

 [[518 789]]

 [[520 789]]

 [[519 788]]]"
152,"[[[452 788]]

 [[449 788]]

 [[449 790]]

 [[450 791]]

 [[451 790]]

 [[451 789]]]"
153,[[[407 785]]]
154,[[[256 783]]]
155,"[[[1021  782]]

 [[1021  783]]

 [[1022  784]]

 [[1022  786]]

 [[1023  787]]

 [[1023  790]]

 [[1023  782]]

 [[1023  783]]

 [[1022  784]]

 [[1021  783]]]"
156,[[[879 782]]]
157,"[[[263 780]]

 [[263 781]]

 [[264 782]]

 [[265 781]]

 [[264 780]]]"
158,"[[[536 775]]

 [[537 775]]]"
159,"[[[401 778]]

 [[401 777]]

 [[403 775]]

 [[404 775]]

 [[405 774]]

 [[407 774]]

 [[408 775]]

 [[410 775]]

 [[410 774]]

 [[408 774]]

 [[407 773]]

 [[404 773]]

 [[403 774]]

 [[402 774]]

 [[401 775]]]"
160,"[[[1023  772]]

 [[1023  777]]]"
161,"[[[362 771]]

 [[363 772]]

 [[366 772]]

 [[365 772]]

 [[364 771]]]"
162,"[[[523 772]]

 [[522 774]]

 [[523 776]]

 [[522 780]]

 [[523 782]]

 [[528 782]]

 [[529 781]]

 [[534 786]]

 [[538 788]]

 [[541 787]]

 [[541 784]]

 [[543 781]]

 [[537 777]]

 [[534 779]]

 [[532 777]]

 [[534 775]]

 [[534 773]]

 [[532 771]]

 [[527 770]]]"
163,"[[[331 767]]

 [[330 768]]

 [[330 769]]

 [[331 770]]]"
164,"[[[833 766]]

 [[833 767]]

 [[834 767]]

 [[834 766]]]"
165,"[[[253 766]]

 [[253 767]]

 [[254 768]]

 [[254 769]]

 [[255 769]]

 [[256 768]]

 [[256 767]]

 [[255 766]]]"
166,"[[[377 760]]

 [[377 762]]

 [[381 762]]

 [[378 759]]]"
167,"[[[739 758]]

 [[741 758]]

 [[742 757]]

 [[743 757]]

 [[743 755]]

 [[740 755]]

 [[740 756]]

 [[739 757]]]"
168,"[[[761 752]]

 [[761 754]]

 [[762 755]]

 [[762 757]]

 [[762 752]]]"
169,"[[[371 751]]

 [[372 752]]

 [[373 752]]

 [[375 754]]

 [[375 755]]

 [[376 756]]

 [[377 756]]

 [[376 755]]

 [[376 752]]

 [[375 751]]

 [[375 750]]

 [[373 750]]

 [[372 751]]]"
170,[[[253 750]]]
171,"[[[465 749]]

 [[464 750]]

 [[465 750]]]"
172,"[[[366 749]]

 [[365 749]]

 [[365 750]]

 [[364 751]]

 [[364 753]]

 [[365 754]]

 [[367 752]]

 [[367 750]]]"
173,"[[[264 744]]

 [[263 744]]

 [[261 746]]

 [[258 746]]

 [[256 748]]

 [[258 750]]

 [[260 750]]

 [[261 749]]

 [[261 748]]

 [[262 747]]

 [[263 747]]

 [[264 746]]]"
174,[[[904 733]]]
175,"[[[280 726]]

 [[278 726]]

 [[276 728]]

 [[277 729]]

 [[277 730]]

 [[279 730]]

 [[280 729]]]"
176,"[[[1023  725]]

 [[1023  727]]]"
177,[[[1023  721]]]
178,"[[[329 719]]

 [[329 720]]]"
179,"[[[910 718]]

 [[909 718]]

 [[909 720]]

 [[910 719]]]"
180,"[[[ 89 718]]

 [[ 88 717]]

 [[ 87 718]]

 [[ 86 718]]

 [[ 85 719]]

 [[ 86 719]]

 [[ 87 720]]

 [[ 88 720]]

 [[ 89 719]]]"
181,"[[[361 716]]

 [[360 715]]

 [[359 716]]]"
182,"[[[236 715]]

 [[235 716]]

 [[233 716]]

 [[232 717]]

 [[231 717]]

 [[231 720]]

 [[232 721]]

 [[233 721]]

 [[234 722]]

 [[235 722]]

 [[236 721]]

 [[236 718]]

 [[237 717]]

 [[237 716]]]"
183,"[[[858 710]]

 [[857 711]]

 [[857 712]]

 [[858 713]]

 [[858 715]]

 [[859 715]]

 [[861 717]]

 [[861 712]]

 [[859 710]]]"
184,"[[[368 710]]

 [[367 711]]

 [[368 712]]]"
185,"[[[939 708]]

 [[941 708]]]"
186,[[[339 704]]]
187,"[[[316 698]]

 [[317 698]]]"
188,"[[[446 697]]

 [[445 697]]

 [[445 698]]

 [[441 702]]

 [[442 703]]

 [[442 704]]

 [[443 704]]

 [[444 705]]

 [[445 704]]

 [[445 703]]

 [[449 699]]

 [[448 698]]

 [[447 698]]]"
189,"[[[335 696]]

 [[336 697]]

 [[336 696]]]"
190,"[[[935 693]]

 [[934 692]]

 [[933 692]]

 [[932 693]]

 [[929 693]]

 [[927 695]]

 [[927 696]]

 [[928 697]]

 [[929 697]]

 [[930 696]]

 [[934 696]]

 [[935 695]]]"
191,"[[[442 692]]

 [[442 693]]

 [[443 693]]

 [[443 692]]]"
192,"[[[ 21 686]]

 [[ 20 687]]

 [[ 22 689]]

 [[ 22 691]]

 [[ 23 692]]

 [[ 24 692]]

 [[ 26 690]]

 [[ 26 688]]

 [[ 27 687]]

 [[ 26 686]]

 [[ 25 686]]

 [[ 24 687]]

 [[ 22 687]]]"
193,"[[[890 680]]

 [[890 681]]

 [[889 682]]

 [[890 683]]

 [[892 683]]

 [[893 682]]

 [[893 681]]

 [[892 680]]]"
194,"[[[1023  679]]

 [[1023  684]]]"
195,"[[[461 679]]

 [[461 686]]

 [[462 687]]

 [[464 687]]

 [[464 685]]

 [[465 684]]

 [[467 684]]

 [[468 685]]

 [[469 685]]

 [[471 683]]

 [[471 680]]

 [[470 679]]

 [[467 679]]

 [[465 682]]

 [[464 681]]

 [[464 680]]

 [[462 678]]]"
196,"[[[495 676]]

 [[495 677]]

 [[494 678]]

 [[494 680]]

 [[495 680]]

 [[496 681]]

 [[497 681]]

 [[498 680]]

 [[498 679]]

 [[497 678]]

 [[497 677]]

 [[496 676]]]"
197,"[[[1000  675]]

 [[1000  676]]]"
198,[[[489 675]]]
199,"[[[642 672]]

 [[641 673]]

 [[641 674]]

 [[642 675]]

 [[644 675]]

 [[644 673]]

 [[643 672]]]"
200,"[[[484 670]]

 [[484 672]]

 [[485 671]]

 [[486 672]]

 [[486 671]]

 [[485 670]]]"
201,"[[[673 669]]

 [[674 669]]]"
202,[[[449 667]]]
203,"[[[ 40 667]]

 [[ 41 667]]]"
204,"[[[932 664]]

 [[932 665]]

 [[934 665]]

 [[934 664]]]"
205,"[[[937 664]]

 [[938 664]]

 [[939 663]]

 [[937 663]]]"
206,"[[[349 663]]

 [[350 664]]

 [[351 664]]

 [[353 662]]

 [[355 662]]

 [[356 663]]

 [[357 663]]

 [[358 662]]

 [[357 661]]

 [[351 661]]

 [[350 662]]

 [[349 662]]]"
207,"[[[ 56 658]]

 [[ 52 658]]

 [[ 51 659]]

 [[ 50 659]]

 [[ 49 660]]

 [[ 49 663]]

 [[ 51 661]]

 [[ 53 661]]

 [[ 54 660]]

 [[ 56 660]]]"
208,[[[539 656]]]
209,"[[[570 656]]

 [[570 658]]

 [[573 658]]

 [[574 657]]

 [[575 657]]

 [[575 656]]

 [[574 656]]

 [[573 655]]

 [[571 655]]]"
210,"[[[431 655]]

 [[427 658]]

 [[424 658]]

 [[422 652]]

 [[419 655]]

 [[406 654]]

 [[404 662]]

 [[408 662]]

 [[410 664]]

 [[408 673]]

 [[412 673]]

 [[410 667]]

 [[415 665]]

 [[418 658]]

 [[428 661]]

 [[432 658]]]"
211,"[[[209 651]]

 [[209 652]]

 [[211 652]]

 [[211 651]]]"
212,[[[942 650]]]
213,"[[[637 648]]

 [[638 648]]]"
214,[[[129 646]]]
215,"[[[745 645]]

 [[744 646]]

 [[745 647]]]"
216,"[[[ 78 645]]

 [[ 78 648]]

 [[ 81 648]]

 [[ 82 647]]

 [[ 82 645]]]"
217,"[[[560 639]]

 [[559 639]]

 [[558 640]]

 [[558 641]]

 [[557 642]]

 [[556 642]]

 [[555 643]]

 [[555 644]]

 [[553 646]]

 [[551 646]]

 [[550 647]]

 [[550 650]]

 [[551 651]]

 [[553 651]]

 [[555 649]]

 [[555 647]]

 [[557 645]]

 [[559 645]]

 [[560 644]]

 [[560 642]]

 [[561 641]]

 [[561 640]]]"
218,"[[[440 638]]

 [[440 640]]

 [[441 640]]

 [[441 638]]]"
219,"[[[395 639]]

 [[395 642]]

 [[402 642]]

 [[402 641]]

 [[401 640]]

 [[401 639]]

 [[400 638]]

 [[397 638]]

 [[396 639]]]"
220,"[[[155 637]]

 [[153 637]]

 [[152 638]]

 [[152 640]]

 [[153 641]]

 [[156 638]]]"
221,"[[[538 636]]

 [[537 637]]

 [[537 638]]

 [[538 639]]

 [[538 640]]

 [[539 641]]

 [[539 642]]

 [[540 643]]

 [[541 643]]

 [[541 641]]

 [[540 640]]

 [[541 639]]

 [[541 638]]

 [[539 636]]]"
222,"[[[190 636]]

 [[191 636]]]"
223,"[[[216 634]]

 [[215 635]]

 [[216 635]]]"
224,"[[[182 631]]

 [[182 634]]

 [[184 636]]

 [[186 636]]

 [[187 635]]

 [[186 634]]

 [[186 633]]

 [[184 631]]]"
225,"[[[245 633]]

 [[250 633]]

 [[252 631]]

 [[251 630]]

 [[246 630]]

 [[246 631]]

 [[245 632]]]"
226,"[[[1023  625]]

 [[1023  636]]]"
227,"[[[280 625]]

 [[281 626]]

 [[282 625]]]"
228,"[[[227 625]]

 [[227 626]]]"
229,"[[[974 623]]

 [[973 623]]

 [[971 625]]

 [[971 626]]

 [[972 627]]

 [[974 627]]

 [[974 625]]

 [[975 624]]]"
230,"[[[149 624]]

 [[149 626]]

 [[150 627]]

 [[154 627]]

 [[155 626]]

 [[155 625]]

 [[153 623]]

 [[150 623]]]"
231,"[[[1023  618]]

 [[1023  620]]]"
232,"[[[138 616]]

 [[136 616]]

 [[136 619]]

 [[137 620]]

 [[139 618]]

 [[139 617]]]"
233,"[[[161 615]]

 [[161 616]]

 [[162 616]]]"
234,"[[[699 613]]

 [[699 614]]

 [[701 616]]

 [[703 616]]

 [[703 615]]

 [[702 614]]

 [[701 614]]

 [[700 613]]]"
235,"[[[198 608]]

 [[197 608]]

 [[196 609]]

 [[196 611]]

 [[197 611]]

 [[198 610]]]"
236,"[[[217 606]]

 [[217 609]]

 [[220 609]]

 [[220 608]]

 [[218 606]]]"
237,"[[[692 606]]

 [[691 605]]

 [[691 606]]

 [[688 609]]

 [[686 609]]

 [[685 610]]

 [[684 610]]

 [[684 611]]

 [[685 612]]

 [[686 611]]

 [[691 611]]

 [[691 610]]

 [[692 609]]]"
238,[[[ 14 603]]]
239,"[[[230 601]]

 [[230 602]]

 [[231 602]]

 [[231 601]]]"
240,"[[[273 600]]

 [[273 601]]]"
241,"[[[680 599]]

 [[680 600]]]"
242,"[[[139 599]]

 [[139 601]]

 [[140 602]]

 [[141 602]]

 [[142 603]]

 [[143 603]]

 [[144 602]]

 [[141 599]]]"
243,"[[[106 593]]

 [[107 593]]]"
244,"[[[ 74 592]]

 [[ 74 593]]

 [[ 75 593]]

 [[ 75 592]]]"
245,"[[[ 95 589]]

 [[ 94 588]]

 [[ 91 588]]

 [[ 89 590]]

 [[ 86 590]]

 [[ 86 591]]

 [[ 87 592]]

 [[ 87 593]]

 [[ 88 594]]

 [[ 93 594]]

 [[ 94 593]]

 [[ 95 593]]]"
246,"[[[105 584]]

 [[104 584]]

 [[104 585]]]"
247,"[[[923 583]]

 [[922 583]]

 [[921 584]]

 [[923 584]]]"
248,"[[[919 583]]

 [[918 583]]

 [[918 586]]

 [[917 587]]

 [[917 590]]

 [[916 591]]

 [[916 594]]

 [[915 595]]

 [[918 593]]

 [[919 594]]

 [[922 593]]

 [[922 589]]

 [[921 588]]

 [[920 588]]

 [[918 586]]

 [[919 585]]]"
249,"[[[368 584]]

 [[367 584]]

 [[366 583]]

 [[364 585]]

 [[365 586]]

 [[366 586]]

 [[367 585]]

 [[368 585]]]"
250,"[[[ 69 583]]

 [[ 70 583]]]"
251,"[[[374 581]]

 [[374 582]]

 [[373 583]]

 [[374 582]]]"
252,[[[ 65 581]]]
253,"[[[ 78 580]]

 [[ 79 580]]]"
254,"[[[669 578]]

 [[668 579]]

 [[668 586]]

 [[667 587]]

 [[668 589]]

 [[667 593]]

 [[668 596]]

 [[670 597]]

 [[672 592]]

 [[674 591]]

 [[675 595]]

 [[680 597]]

 [[682 594]]

 [[682 589]]

 [[681 588]]

 [[678 590]]

 [[677 589]]

 [[677 585]]

 [[678 584]]

 [[677 581]]

 [[673 581]]]"
255,[[[775 575]]]
256,"[[[574 571]]

 [[574 572]]

 [[575 572]]

 [[575 571]]]"
257,"[[[741 571]]

 [[742 571]]

 [[743 570]]

 [[741 570]]]"
258,"[[[593 568]]

 [[590 571]]

 [[590 574]]

 [[593 574]]

 [[593 573]]

 [[594 572]]

 [[594 569]]]"
259,"[[[ 94 568]]

 [[ 93 569]]

 [[ 92 569]]

 [[ 92 570]]

 [[ 93 571]]

 [[ 93 572]]

 [[ 94 572]]

 [[ 95 573]]

 [[ 96 572]]

 [[ 97 572]]

 [[ 97 570]]

 [[ 95 568]]]"
260,"[[[950 566]]

 [[949 567]]

 [[950 568]]]"
261,"[[[211 566]]

 [[209 568]]

 [[209 569]]

 [[210 570]]

 [[211 569]]]"
262,"[[[662 564]]

 [[661 565]]

 [[661 566]]

 [[660 567]]

 [[660 569]]

 [[659 570]]

 [[659 571]]

 [[660 572]]

 [[660 573]]

 [[661 574]]

 [[662 574]]

 [[663 573]]

 [[663 569]]

 [[664 568]]

 [[664 566]]]"
263,"[[[1005  561]]

 [[1005  565]]

 [[1006  566]]

 [[1007  566]]

 [[1007  563]]

 [[1006  562]]

 [[1006  561]]]"
264,"[[[ 65 561]]

 [[ 63 563]]

 [[ 63 564]]

 [[ 64 565]]

 [[ 64 570]]

 [[ 65 571]]

 [[ 67 571]]

 [[ 68 570]]

 [[ 67 569]]

 [[ 67 568]]

 [[ 66 567]]

 [[ 66 565]]

 [[ 65 564]]]"
265,"[[[ 34 563]]

 [[ 32 561]]

 [[ 31 561]]

 [[ 29 563]]

 [[ 29 565]]

 [[ 30 564]]

 [[ 34 564]]]"
266,"[[[1023  558]]

 [[1023  562]]]"
267,"[[[362 558]]

 [[361 559]]

 [[361 561]]

 [[362 562]]

 [[362 563]]

 [[363 563]]

 [[364 562]]

 [[364 560]]]"
268,"[[[203 557]]

 [[203 558]]]"
269,"[[[664 556]]

 [[663 556]]

 [[662 557]]

 [[660 557]]

 [[660 559]]

 [[662 561]]

 [[663 561]]

 [[665 559]]

 [[665 558]]

 [[664 557]]]"
270,"[[[576 556]]

 [[576 557]]]"
271,"[[[330 555]]

 [[330 558]]

 [[332 558]]

 [[331 557]]

 [[331 556]]]"
272,"[[[258 552]]

 [[257 552]]

 [[256 553]]

 [[256 554]]

 [[257 555]]

 [[258 554]]]"
273,"[[[865 550]]

 [[864 551]]

 [[864 553]]

 [[865 554]]

 [[866 553]]

 [[866 551]]]"
274,"[[[266 550]]

 [[267 551]]

 [[267 550]]]"
275,"[[[214 550]]

 [[214 552]]

 [[212 554]]

 [[212 556]]

 [[213 557]]

 [[216 557]]

 [[217 556]]

 [[217 554]]

 [[216 553]]

 [[217 552]]

 [[217 551]]

 [[216 550]]]"
276,"[[[376 549]]

 [[377 549]]

 [[378 550]]

 [[380 550]]

 [[380 549]]]"
277,"[[[655 548]]

 [[653 548]]

 [[652 549]]

 [[652 552]]

 [[651 553]]

 [[651 554]]

 [[652 555]]

 [[653 555]]

 [[654 554]]

 [[655 554]]

 [[656 553]]

 [[656 551]]

 [[655 550]]]"
278,"[[[903 545]]

 [[903 546]]

 [[904 546]]

 [[905 547]]

 [[906 547]]

 [[907 546]]

 [[908 546]]

 [[908 545]]

 [[907 544]]

 [[904 544]]]"
279,"[[[ 37 544]]

 [[ 37 545]]

 [[ 38 545]]

 [[ 38 544]]]"
280,"[[[245 542]]

 [[246 543]]

 [[247 543]]

 [[248 544]]

 [[249 544]]

 [[250 543]]

 [[250 542]]

 [[249 541]]

 [[247 541]]

 [[246 542]]]"
281,"[[[1017  540]]

 [[1017  541]]

 [[1018  541]]

 [[1018  540]]]"
282,"[[[348 536]]

 [[347 536]]

 [[345 538]]

 [[345 543]]

 [[347 543]]

 [[347 541]]

 [[348 540]]]"
283,"[[[238 530]]

 [[237 531]]

 [[237 532]]

 [[238 533]]]"
284,"[[[333 529]]

 [[333 531]]]"
285,"[[[165 530]]

 [[164 529]]

 [[162 531]]

 [[163 531]]

 [[164 530]]]"
286,"[[[649 528]]

 [[647 528]]

 [[647 529]]

 [[646 530]]

 [[647 531]]

 [[646 532]]

 [[647 533]]

 [[646 534]]

 [[646 537]]

 [[644 539]]

 [[644 543]]

 [[653 536]]

 [[652 535]]

 [[651 536]]

 [[649 534]]

 [[649 533]]

 [[650 532]]

 [[650 529]]]"
287,"[[[348 527]]

 [[348 530]]

 [[349 530]]

 [[349 527]]]"
288,"[[[226 527]]

 [[226 529]]

 [[227 529]]

 [[227 527]]]"
289,"[[[189 527]]

 [[190 527]]

 [[191 528]]

 [[192 527]]]"
290,"[[[109 527]]

 [[110 527]]]"
291,"[[[1023  526]]

 [[1023  532]]]"
292,"[[[205 526]]

 [[205 527]]

 [[206 528]]

 [[206 529]]

 [[205 530]]

 [[205 532]]

 [[207 532]]

 [[208 531]]

 [[209 531]]

 [[210 532]]

 [[211 531]]

 [[210 530]]

 [[210 529]]

 [[208 529]]

 [[207 528]]

 [[207 527]]

 [[206 526]]]"
293,"[[[278 525]]

 [[276 525]]

 [[276 531]]

 [[277 531]]

 [[277 528]]

 [[278 527]]]"
294,"[[[422 524]]

 [[423 525]]

 [[423 524]]]"
295,"[[[171 524]]

 [[170 524]]

 [[169 525]]

 [[169 527]]

 [[170 528]]

 [[170 529]]

 [[169 530]]

 [[170 530]]

 [[170 529]]

 [[172 527]]

 [[172 525]]]"
296,"[[[201 523]]

 [[195 527]]

 [[195 529]]

 [[192 532]]

 [[191 536]]

 [[187 538]]

 [[185 542]]

 [[187 545]]

 [[191 543]]

 [[193 544]]

 [[195 540]]

 [[202 533]]

 [[200 530]]]"
297,"[[[229 523]]

 [[230 523]]

 [[231 522]]

 [[229 522]]]"
298,"[[[246 520]]

 [[246 521]]

 [[248 521]]

 [[249 522]]

 [[250 522]]

 [[252 524]]

 [[252 526]]

 [[253 527]]

 [[254 527]]

 [[255 528]]

 [[258 528]]

 [[259 527]]

 [[259 524]]

 [[257 524]]

 [[254 521]]

 [[250 521]]

 [[249 520]]

 [[248 521]]

 [[247 520]]]"
299,"[[[297 519]]

 [[298 520]]

 [[299 519]]]"
300,"[[[1023  518]]

 [[1023  521]]]"
301,"[[[741 513]]

 [[740 514]]

 [[740 515]]

 [[741 516]]

 [[741 517]]

 [[742 518]]

 [[742 519]]

 [[743 520]]

 [[744 520]]

 [[744 515]]

 [[743 514]]

 [[743 513]]]"
302,"[[[390 510]]

 [[388 510]]

 [[388 514]]

 [[387 515]]

 [[387 516]]

 [[386 517]]

 [[387 518]]

 [[389 518]]

 [[390 517]]

 [[392 517]]

 [[392 516]]

 [[391 515]]

 [[391 513]]

 [[390 512]]]"
303,"[[[161 510]]

 [[160 511]]

 [[160 512]]

 [[161 511]]]"
304,"[[[ 99 510]]

 [[ 98 511]]

 [[ 98 512]]

 [[ 97 513]]

 [[ 98 513]]

 [[ 98 512]]

 [[ 99 511]]]"
305,"[[[124 511]]

 [[123 509]]

 [[120 509]]

 [[118 510]]

 [[115 514]]

 [[114 513]]

 [[112 513]]

 [[108 511]]

 [[107 512]]

 [[107 515]]

 [[108 517]]

 [[112 517]]

 [[113 518]]

 [[114 517]]

 [[114 515]]

 [[116 513]]

 [[120 513]]]"
306,"[[[274 507]]

 [[273 507]]

 [[272 508]]

 [[272 509]]

 [[269 512]]

 [[268 512]]

 [[268 513]]

 [[269 514]]

 [[270 514]]

 [[271 513]]

 [[272 513]]

 [[272 512]]

 [[273 511]]

 [[274 511]]

 [[274 510]]

 [[275 509]]

 [[275 508]]]"
307,"[[[140 508]]

 [[141 507]]

 [[144 507]]

 [[145 506]]

 [[141 506]]

 [[140 507]]]"
308,"[[[174 504]]

 [[173 505]]

 [[173 506]]

 [[174 507]]

 [[175 507]]

 [[176 506]]

 [[176 505]]

 [[175 504]]]"
309,"[[[723 503]]

 [[723 505]]]"
310,"[[[ 88 502]]

 [[ 85 502]]

 [[ 83 504]]

 [[ 83 505]]

 [[ 84 506]]

 [[ 86 504]]

 [[ 88 504]]]"
311,"[[[464 501]]

 [[463 501]]

 [[462 502]]

 [[462 503]]

 [[463 503]]

 [[464 502]]]"
312,"[[[299 501]]

 [[299 503]]

 [[300 504]]

 [[302 504]]

 [[303 503]]

 [[304 503]]

 [[305 502]]

 [[306 502]]

 [[307 503]]

 [[308 502]]

 [[308 501]]

 [[307 501]]

 [[306 500]]

 [[303 500]]

 [[302 501]]]"
313,"[[[113 500]]

 [[112 499]]

 [[111 499]]

 [[109 501]]

 [[109 502]]

 [[110 501]]

 [[112 501]]]"
314,"[[[476 501]]

 [[476 499]]

 [[475 498]]

 [[474 499]]

 [[468 499]]

 [[467 500]]

 [[468 501]]

 [[468 502]]

 [[469 502]]

 [[470 501]]]"
315,"[[[1023  495]]

 [[1023  499]]]"
316,"[[[814 496]]

 [[813 495]]

 [[812 496]]

 [[812 497]]

 [[814 497]]]"
317,"[[[190 495]]

 [[190 496]]

 [[191 496]]

 [[191 495]]]"
318,"[[[481 494]]

 [[481 496]]

 [[483 496]]

 [[484 495]]

 [[483 494]]]"
319,"[[[123 493]]

 [[123 496]]

 [[125 496]]

 [[125 493]]]"
320,"[[[625 491]]

 [[624 490]]

 [[623 490]]

 [[622 491]]

 [[621 491]]

 [[621 492]]

 [[622 493]]

 [[624 493]]

 [[625 492]]]"
321,"[[[237 495]]

 [[238 496]]

 [[240 496]]

 [[243 494]]

 [[244 494]]

 [[245 495]]

 [[246 495]]

 [[247 494]]

 [[250 494]]

 [[251 493]]

 [[251 491]]

 [[250 490]]

 [[243 490]]

 [[240 492]]

 [[238 492]]

 [[237 493]]]"
322,[[[893 488]]]
323,"[[[118 489]]

 [[118 490]]

 [[119 491]]

 [[123 491]]

 [[123 488]]

 [[122 487]]

 [[120 487]]]"
324,[[[  1 487]]]
325,"[[[ 69 484]]

 [[ 64 489]]

 [[ 62 494]]

 [[ 58 497]]

 [[ 62 498]]

 [[ 61 496]]

 [[ 63 494]]

 [[ 63 492]]

 [[ 67 491]]

 [[ 71 494]]

 [[ 71 497]]

 [[ 69 499]]

 [[ 72 504]]

 [[ 74 505]]

 [[ 78 501]]

 [[ 78 498]]

 [[ 75 494]]

 [[ 76 485]]]"
326,"[[[446 482]]

 [[445 483]]

 [[445 484]]

 [[448 487]]

 [[448 484]]]"
327,"[[[526 481]]

 [[525 481]]

 [[524 482]]

 [[526 482]]]"
328,"[[[284 481]]

 [[285 480]]

 [[286 480]]

 [[284 480]]]"
329,"[[[991 480]]

 [[992 481]]

 [[993 481]]

 [[994 482]]

 [[996 482]]

 [[996 480]]

 [[995 479]]

 [[994 479]]

 [[993 480]]]"
330,"[[[719 478]]

 [[718 479]]

 [[719 479]]]"
331,"[[[ 70 477]]

 [[ 69 477]]

 [[ 68 478]]

 [[ 69 478]]]"
332,"[[[243 476]]

 [[242 477]]

 [[241 477]]

 [[244 480]]

 [[244 482]]

 [[243 483]]

 [[243 484]]

 [[244 485]]

 [[245 485]]

 [[245 484]]

 [[246 483]]

 [[246 482]]

 [[245 481]]

 [[245 479]]

 [[244 478]]

 [[244 477]]]"
333,"[[[486 475]]

 [[486 478]]

 [[489 478]]

 [[490 477]]

 [[490 475]]]"
334,[[[295 473]]]
335,"[[[134 475]]

 [[138 475]]

 [[140 473]]

 [[140 472]]

 [[139 471]]

 [[135 471]]

 [[134 472]]]"
336,"[[[  4 470]]

 [[  2 472]]

 [[  1 472]]

 [[  1 476]]

 [[  1 475]]

 [[  2 474]]

 [[  3 474]]

 [[  5 472]]

 [[  5 471]]]"
337,"[[[440 470]]

 [[439 469]]

 [[438 469]]

 [[437 468]]

 [[436 469]]

 [[434 469]]

 [[433 470]]]"
338,[[[  1 467]]]
339,"[[[456 464]]

 [[457 465]]

 [[458 464]]]"
340,"[[[217 463]]

 [[217 464]]]"
341,[[[187 463]]]
342,"[[[1023  462]]

 [[1023  472]]]"
343,"[[[105 462]]

 [[106 462]]

 [[107 461]]

 [[105 461]]]"
344,[[[298 457]]]
345,"[[[489 456]]

 [[488 457]]

 [[488 458]]

 [[489 458]]]"
346,[[[985 455]]]
347,"[[[292 454]]

 [[291 454]]

 [[290 455]]

 [[289 455]]

 [[285 459]]

 [[284 459]]

 [[284 460]]

 [[285 460]]

 [[286 459]]

 [[289 459]]

 [[291 457]]

 [[291 456]]

 [[292 455]]]"
348,[[[ 80 454]]]
349,[[[572 452]]]
350,"[[[253 453]]

 [[253 454]]

 [[254 455]]

 [[255 455]]

 [[256 456]]

 [[256 453]]

 [[255 452]]

 [[254 453]]]"
351,"[[[194 449]]

 [[195 450]]

 [[197 450]]

 [[198 449]]

 [[196 449]]

 [[195 448]]]"
352,"[[[106 449]]

 [[107 449]]

 [[108 448]]

 [[106 448]]]"
353,"[[[ 80 446]]

 [[ 80 447]]

 [[ 81 447]]

 [[ 81 446]]]"
354,"[[[590 445]]

 [[590 446]]

 [[592 448]]

 [[593 448]]

 [[594 447]]

 [[594 445]]

 [[593 444]]

 [[592 444]]

 [[591 445]]]"
355,"[[[490 445]]

 [[491 446]]

 [[491 449]]

 [[492 450]]

 [[497 450]]

 [[498 449]]

 [[498 445]]

 [[497 444]]

 [[497 443]]

 [[493 443]]

 [[492 444]]

 [[491 444]]]"
356,"[[[519 440]]

 [[518 439]]

 [[517 440]]

 [[516 440]]

 [[516 442]]

 [[518 442]]

 [[519 441]]]"
357,[[[562 436]]]
358,"[[[556 436]]

 [[557 437]]

 [[557 436]]]"
359,"[[[691 433]]

 [[691 434]]

 [[694 434]]

 [[694 433]]]"
360,"[[[467 432]]

 [[466 432]]

 [[466 433]]]"
361,"[[[1023  431]]

 [[1023  443]]]"
362,"[[[ 43 431]]

 [[ 43 432]]

 [[ 44 433]]

 [[ 45 433]]]"
363,"[[[471 431]]

 [[472 432]]

 [[474 432]]

 [[476 434]]

 [[477 434]]

 [[477 432]]

 [[478 431]]

 [[478 430]]

 [[477 429]]

 [[474 429]]

 [[473 430]]

 [[472 430]]]"
364,"[[[225 423]]

 [[225 425]]

 [[227 425]]

 [[228 424]]

 [[228 423]]]"
365,"[[[491 422]]

 [[486 422]]

 [[486 423]]

 [[485 424]]

 [[488 429]]

 [[488 431]]

 [[484 435]]

 [[485 436]]

 [[488 436]]

 [[491 433]]

 [[491 430]]

 [[492 429]]

 [[492 428]]

 [[490 426]]

 [[490 425]]

 [[491 424]]]"
366,"[[[446 421]]

 [[447 422]]

 [[449 422]]

 [[449 421]]

 [[448 420]]

 [[447 420]]]"
367,"[[[181 416]]

 [[181 417]]

 [[182 418]]

 [[184 418]]

 [[184 417]]

 [[183 417]]

 [[182 416]]]"
368,"[[[533 412]]

 [[532 412]]

 [[530 414]]

 [[529 414]]

 [[529 415]]

 [[528 416]]

 [[528 417]]

 [[529 418]]

 [[531 418]]

 [[532 419]]

 [[536 415]]]"
369,"[[[493 409]]

 [[492 410]]

 [[492 411]]

 [[493 412]]

 [[495 412]]

 [[495 411]]]"
370,"[[[238 410]]

 [[235 407]]

 [[234 408]]

 [[233 408]]

 [[232 409]]

 [[231 409]]

 [[231 411]]

 [[238 411]]]"
371,"[[[477 403]]

 [[473 403]]

 [[471 407]]

 [[474 414]]

 [[471 417]]

 [[471 419]]

 [[472 418]]

 [[474 418]]

 [[474 415]]

 [[475 414]]

 [[479 414]]

 [[480 415]]

 [[482 414]]

 [[482 412]]

 [[477 412]]

 [[476 411]]]"
372,"[[[160 403]]

 [[159 403]]

 [[158 404]]

 [[158 405]]

 [[160 405]]]"
373,"[[[976 403]]

 [[975 402]]

 [[974 403]]]"
374,"[[[333 402]]

 [[332 402]]

 [[331 403]]

 [[332 404]]

 [[333 403]]]"
375,"[[[1023  399]]

 [[1023  401]]]"
376,[[[197 399]]]
377,"[[[ 95 399]]

 [[ 94 399]]

 [[ 93 400]]

 [[ 94 401]]

 [[ 94 400]]]"
378,"[[[522 398]]

 [[523 399]]

 [[523 398]]]"
379,"[[[384 398]]

 [[383 398]]

 [[382 397]]

 [[380 397]]

 [[379 398]]

 [[378 398]]

 [[377 399]]

 [[377 401]]

 [[379 403]]

 [[380 403]]

 [[381 402]]

 [[382 402]]

 [[384 400]]]"
380,"[[[142 397]]

 [[141 398]]

 [[141 399]]

 [[142 400]]

 [[144 400]]

 [[144 397]]]"
381,"[[[635 395]]

 [[631 395]]

 [[630 396]]

 [[629 396]]

 [[628 397]]

 [[628 398]]

 [[629 398]]

 [[629 397]]

 [[630 396]]

 [[635 396]]]"
382,"[[[482 393]]

 [[482 397]]

 [[483 397]]

 [[483 395]]

 [[482 394]]]"
383,"[[[303 390]]

 [[302 391]]

 [[303 391]]]"
384,"[[[572 389]]

 [[572 391]]

 [[571 392]]

 [[572 393]]

 [[573 393]]

 [[575 391]]

 [[573 389]]]"
385,"[[[535 389]]

 [[533 389]]

 [[532 390]]

 [[532 391]]

 [[533 391]]]"
386,"[[[461 391]]

 [[461 392]]

 [[463 394]]

 [[464 394]]

 [[465 395]]

 [[469 395]]

 [[470 396]]

 [[473 397]]

 [[473 394]]

 [[472 394]]

 [[471 393]]

 [[472 392]]

 [[473 392]]

 [[472 389]]

 [[468 389]]

 [[465 391]]]"
387,"[[[451 387]]

 [[452 388]]

 [[453 388]]

 [[453 387]]]"
388,"[[[221 387]]

 [[222 388]]

 [[223 388]]

 [[223 387]]]"
389,"[[[151 386]]

 [[151 387]]

 [[152 387]]

 [[152 386]]]"
390,"[[[968 384]]

 [[968 386]]

 [[970 386]]]"
391,"[[[194 386]]

 [[192 386]]

 [[190 384]]

 [[191 385]]

 [[191 386]]

 [[190 387]]

 [[189 387]]

 [[187 389]]

 [[186 389]]

 [[186 390]]

 [[185 391]]

 [[188 391]]

 [[189 390]]

 [[192 390]]

 [[192 389]]

 [[194 387]]]"
392,"[[[191 381]]

 [[190 381]]

 [[190 382]]]"
393,"[[[  7 380]]

 [[  7 381]]

 [[  8 382]]

 [[  8 385]]

 [[  7 386]]

 [[  8 387]]

 [[  9 387]]

 [[  9 380]]]"
394,"[[[594 379]]

 [[593 379]]

 [[591 381]]

 [[591 382]]

 [[592 383]]

 [[593 382]]

 [[594 382]]]"
395,"[[[508 380]]

 [[508 381]]

 [[507 382]]

 [[507 384]]

 [[508 385]]

 [[508 386]]

 [[509 387]]

 [[512 387]]

 [[513 388]]

 [[513 389]]

 [[514 389]]

 [[520 384]]

 [[520 381]]

 [[518 379]]

 [[512 379]]

 [[511 380]]]"
396,"[[[ 67 380]]

 [[ 68 380]]

 [[ 69 379]]

 [[ 67 379]]]"
397,"[[[207 377]]

 [[207 378]]

 [[209 378]]

 [[209 377]]]"
398,"[[[427 376]]

 [[427 377]]

 [[428 378]]

 [[429 377]]

 [[428 376]]]"
399,"[[[1023  374]]

 [[1023  385]]]"
400,[[[593 373]]]
401,"[[[987 370]]

 [[987 371]]

 [[988 371]]]"
402,"[[[172 372]]

 [[173 373]]

 [[174 373]]

 [[176 371]]

 [[178 371]]

 [[177 370]]

 [[173 370]]

 [[172 371]]]"
403,"[[[205 369]]

 [[202 369]]

 [[201 370]]

 [[201 372]]

 [[200 373]]

 [[201 374]]

 [[202 373]]

 [[203 373]]

 [[205 371]]]"
404,"[[[520 369]]

 [[521 370]]

 [[524 370]]

 [[524 368]]

 [[521 368]]]"
405,"[[[510 370]]

 [[511 370]]

 [[512 369]]

 [[514 369]]

 [[515 368]]

 [[511 368]]

 [[510 369]]]"
406,"[[[1023  366]]

 [[1023  369]]]"
407,"[[[129 366]]

 [[129 367]]

 [[130 368]]

 [[132 368]]

 [[133 367]]

 [[132 366]]]"
408,"[[[459 366]]

 [[458 366]]

 [[457 365]]

 [[456 366]]

 [[455 366]]

 [[454 367]]

 [[454 370]]

 [[459 370]]

 [[460 369]]

 [[460 368]]

 [[459 367]]]"
409,"[[[545 363]]

 [[545 367]]

 [[546 367]]

 [[546 363]]]"
410,"[[[147 360]]

 [[147 361]]

 [[149 361]]

 [[148 360]]]"
411,"[[[123 357]]

 [[124 357]]]"
412,[[[ 55 357]]]
413,"[[[986 356]]

 [[986 357]]]"
414,"[[[137 357]]

 [[138 358]]

 [[141 358]]

 [[139 356]]

 [[138 357]]]"
415,"[[[ 50 356]]

 [[ 52 356]]]"
416,[[[544 355]]]
417,[[[215 355]]]
418,"[[[213 354]]

 [[211 354]]

 [[210 355]]

 [[209 355]]

 [[209 356]]

 [[208 357]]

 [[208 358]]

 [[212 354]]]"
419,"[[[205 353]]

 [[204 354]]

 [[204 356]]

 [[205 357]]]"
420,"[[[118 353]]

 [[119 353]]]"
421,"[[[115 353]]

 [[114 353]]

 [[113 354]]

 [[113 355]]

 [[112 356]]

 [[112 357]]

 [[113 358]]

 [[113 359]]

 [[115 359]]

 [[115 356]]

 [[114 355]]

 [[114 354]]]"
422,"[[[675 349]]

 [[675 350]]

 [[676 350]]

 [[676 349]]]"
423,"[[[798 348]]

 [[798 350]]

 [[799 351]]

 [[800 351]]

 [[802 349]]

 [[801 348]]]"
424,"[[[177 348]]

 [[176 349]]

 [[177 349]]]"
425,[[[774 343]]]
426,"[[[ 61 343]]

 [[ 61 346]]

 [[ 63 346]]

 [[ 64 345]]

 [[ 66 345]]

 [[ 66 344]]

 [[ 64 344]]

 [[ 63 343]]]"
427,"[[[414 342]]

 [[414 343]]

 [[415 344]]

 [[416 343]]

 [[415 342]]]"
428,"[[[505 343]]

 [[505 344]]

 [[510 349]]

 [[511 349]]

 [[513 347]]

 [[515 349]]

 [[515 348]]

 [[514 347]]

 [[512 347]]

 [[511 346]]

 [[511 345]]

 [[509 342]]

 [[508 342]]

 [[507 341]]]"
429,"[[[215 342]]

 [[214 342]]

 [[213 341]]

 [[212 341]]

 [[211 342]]

 [[211 343]]

 [[210 344]]

 [[210 345]]

 [[212 345]]

 [[213 344]]

 [[214 344]]

 [[215 343]]]"
430,"[[[ 83 340]]

 [[ 83 343]]

 [[ 85 343]]

 [[ 85 341]]

 [[ 84 340]]]"
431,[[[859 337]]]
432,"[[[533 337]]

 [[531 337]]

 [[532 338]]

 [[527 343]]

 [[528 345]]

 [[531 345]]

 [[533 347]]

 [[533 352]]

 [[530 356]]

 [[530 358]]

 [[533 355]]

 [[537 354]]

 [[539 350]]

 [[538 348]]

 [[540 346]]

 [[545 346]]

 [[545 344]]

 [[542 341]]

 [[538 341]]]"
433,"[[[144 338]]

 [[143 337]]

 [[142 338]]

 [[142 339]]

 [[144 339]]]"
434,"[[[ 50 337]]

 [[ 51 337]]]"
435,"[[[827 335]]

 [[826 335]]

 [[826 337]]

 [[827 336]]]"
436,"[[[483 333]]

 [[479 333]]

 [[478 334]]

 [[477 334]]

 [[477 336]]

 [[478 337]]

 [[478 339]]

 [[479 340]]

 [[480 340]]

 [[481 339]]

 [[481 338]]

 [[483 336]]]"
437,"[[[ 55 333]]

 [[ 55 335]]

 [[ 57 337]]

 [[ 59 337]]

 [[ 58 337]]

 [[ 57 336]]

 [[ 57 333]]]"
438,"[[[ 98 332]]

 [[ 96 334]]

 [[ 96 337]]

 [[ 97 338]]

 [[100 335]]

 [[100 334]]]"
439,"[[[ 72 332]]

 [[ 71 332]]

 [[ 71 334]]

 [[ 72 333]]]"
440,"[[[499 332]]

 [[498 332]]

 [[497 331]]

 [[496 332]]

 [[496 333]]

 [[498 333]]]"
441,"[[[  1 331]]

 [[  1 335]]]"
442,"[[[554 331]]

 [[553 330]]

 [[551 330]]

 [[550 331]]

 [[548 331]]

 [[547 332]]

 [[546 332]]

 [[546 334]]

 [[547 335]]

 [[548 334]]

 [[549 334]]

 [[550 333]]

 [[552 333]]

 [[553 334]]

 [[554 334]]]"
443,"[[[974 327]]

 [[977 330]]

 [[978 330]]

 [[978 328]]

 [[979 327]]]"
444,"[[[470 326]]

 [[470 330]]

 [[471 331]]

 [[475 331]]

 [[475 329]]

 [[472 326]]]"
445,"[[[642 325]]

 [[642 327]]

 [[643 328]]

 [[644 328]]

 [[645 329]]

 [[647 329]]

 [[648 328]]

 [[649 328]]

 [[649 327]]

 [[650 326]]

 [[649 325]]

 [[648 325]]

 [[647 324]]

 [[644 324]]

 [[643 325]]]"
446,"[[[378 320]]

 [[377 320]]

 [[376 321]]

 [[376 322]]

 [[378 322]]]"
447,"[[[ 78 321]]

 [[ 79 322]]

 [[ 83 322]]

 [[ 82 322]]

 [[ 80 320]]

 [[ 79 320]]]"
448,"[[[521 319]]

 [[519 319]]

 [[517 321]]

 [[517 322]]

 [[518 323]]

 [[518 326]]

 [[519 327]]

 [[519 328]]

 [[518 329]]

 [[518 331]]

 [[520 331]]

 [[521 330]]

 [[521 329]]

 [[520 328]]

 [[520 327]]

 [[521 326]]

 [[521 323]]

 [[522 322]]

 [[522 320]]]"
449,"[[[450 319]]

 [[448 319]]

 [[447 320]]

 [[448 321]]

 [[448 322]]

 [[445 326]]

 [[445 332]]

 [[448 336]]

 [[449 336]]

 [[449 335]]

 [[451 333]]

 [[451 329]]

 [[452 328]]

 [[452 326]]

 [[451 325]]

 [[451 320]]]"
450,"[[[ 70 318]]

 [[ 70 319]]

 [[ 72 321]]

 [[ 73 320]]

 [[ 76 320]]

 [[ 76 319]]

 [[ 75 318]]]"
451,[[[1023  314]]]
452,"[[[193 314]]

 [[192 313]]

 [[191 314]]

 [[191 315]]

 [[193 315]]]"
453,"[[[359 312]]

 [[358 313]]

 [[359 313]]]"
454,"[[[526 311]]

 [[525 310]]

 [[524 311]]

 [[524 312]]

 [[525 312]]]"
455,"[[[252 310]]

 [[251 310]]

 [[251 311]]

 [[250 312]]

 [[250 315]]

 [[252 315]]

 [[253 314]]

 [[253 311]]]"
456,"[[[150 311]]

 [[149 310]]

 [[148 310]]

 [[147 311]]

 [[147 313]]

 [[149 313]]

 [[150 312]]]"
457,"[[[ 52 310]]

 [[ 52 313]]

 [[ 53 314]]

 [[ 54 314]]

 [[ 54 311]]

 [[ 53 310]]]"
458,[[[ 83 309]]]
459,"[[[  1 308]]

 [[  1 312]]]"
460,"[[[640 306]]

 [[640 307]]

 [[642 307]]

 [[642 306]]]"
461,"[[[ 53 304]]

 [[ 53 307]]

 [[ 57 307]]

 [[ 60 312]]

 [[ 64 314]]

 [[ 67 314]]

 [[ 68 313]]

 [[ 68 310]]

 [[ 67 309]]

 [[ 67 307]]

 [[ 66 306]]

 [[ 64 306]]

 [[ 62 303]]

 [[ 59 303]]

 [[ 58 304]]

 [[ 57 303]]

 [[ 54 303]]]"
462,"[[[642 301]]

 [[641 301]]

 [[640 302]]

 [[641 303]]

 [[642 302]]]"
463,"[[[649 297]]

 [[650 298]]

 [[650 297]]]"
464,"[[[190 294]]

 [[189 295]]

 [[190 296]]]"
465,"[[[139 293]]

 [[139 294]]

 [[142 297]]

 [[142 295]]

 [[140 293]]]"
466,"[[[145 291]]

 [[144 292]]

 [[144 295]]

 [[147 295]]

 [[147 294]]

 [[146 293]]

 [[146 291]]]"
467,"[[[135 291]]

 [[134 292]]

 [[134 293]]

 [[135 294]]

 [[136 294]]

 [[137 293]]

 [[137 292]]

 [[136 292]]]"
468,"[[[ 62 291]]

 [[ 61 291]]

 [[ 60 290]]

 [[ 59 290]]

 [[ 57 292]]

 [[ 56 292]]

 [[ 56 293]]

 [[ 61 293]]

 [[ 62 292]]]"
469,"[[[269 288]]

 [[268 289]]

 [[269 290]]

 [[270 290]]

 [[271 289]]

 [[270 288]]]"
470,"[[[1023  287]]

 [[1023  292]]]"
471,[[[684 286]]]
472,"[[[197 287]]

 [[197 288]]

 [[198 289]]

 [[199 289]]

 [[200 290]]

 [[201 289]]

 [[203 291]]

 [[204 291]]

 [[205 292]]

 [[207 292]]

 [[207 290]]

 [[205 288]]

 [[205 287]]

 [[204 286]]

 [[203 286]]

 [[202 285]]

 [[200 285]]]"
473,"[[[676 282]]

 [[677 283]]

 [[677 284]]

 [[680 284]]

 [[680 283]]

 [[679 283]]

 [[678 282]]]"
474,"[[[1023  281]]

 [[1023  283]]]"
475,"[[[618 279]]

 [[618 281]]]"
476,"[[[104 279]]

 [[104 281]]

 [[106 283]]

 [[112 283]]

 [[113 282]]

 [[114 283]]

 [[116 283]]

 [[115 280]]

 [[113 280]]

 [[112 281]]

 [[111 280]]

 [[109 280]]

 [[108 281]]

 [[106 279]]]"
477,[[[ 17 279]]]
478,"[[[337 278]]

 [[338 278]]]"
479,"[[[136 278]]

 [[136 279]]

 [[137 279]]

 [[137 278]]]"
480,"[[[ 62 278]]

 [[ 62 281]]

 [[ 63 282]]

 [[ 66 282]]

 [[ 66 280]]

 [[ 64 278]]]"
481,"[[[806 276]]

 [[805 277]]

 [[805 279]]

 [[806 280]]

 [[806 282]]

 [[808 282]]

 [[809 281]]

 [[809 280]]

 [[810 279]]

 [[810 278]]

 [[808 276]]]"
482,[[[732 275]]]
483,"[[[376 270]]

 [[375 271]]

 [[376 272]]

 [[376 273]]

 [[377 274]]

 [[379 274]]

 [[379 271]]

 [[378 270]]]"
484,"[[[522 269]]

 [[522 272]]

 [[523 271]]

 [[523 270]]]"
485,"[[[397 270]]

 [[400 270]]

 [[400 269]]

 [[398 269]]]"
486,"[[[ 94 274]]

 [[ 94 276]]

 [[ 95 277]]

 [[ 97 277]]

 [[102 273]]

 [[109 272]]

 [[110 273]]

 [[110 277]]

 [[115 278]]

 [[113 274]]

 [[114 272]]

 [[108 271]]

 [[106 269]]

 [[101 269]]

 [[ 98 271]]

 [[ 96 271]]]"
487,"[[[ 83 271]]

 [[ 84 271]]

 [[ 85 270]]

 [[ 87 270]]

 [[ 86 269]]

 [[ 84 269]]

 [[ 83 270]]]"
488,"[[[118 266]]

 [[118 267]]

 [[117 268]]

 [[117 270]]

 [[118 270]]

 [[119 271]]

 [[120 271]]

 [[121 272]]

 [[122 272]]

 [[124 270]]

 [[124 267]]

 [[123 267]]

 [[121 265]]

 [[120 266]]]"
489,"[[[226 263]]

 [[226 264]]

 [[227 265]]

 [[229 265]]

 [[230 266]]

 [[231 265]]

 [[233 265]]

 [[233 262]]

 [[227 262]]]"
490,"[[[ 75 262]]

 [[ 74 262]]

 [[ 71 265]]

 [[ 70 265]]

 [[ 70 269]]

 [[ 71 269]]

 [[ 73 267]]

 [[ 74 267]]

 [[ 74 265]]

 [[ 76 263]]]"
491,"[[[186 260]]

 [[183 263]]

 [[183 265]]

 [[184 266]]

 [[185 265]]

 [[187 265]]

 [[188 264]]

 [[188 262]]]"
492,"[[[257 259]]

 [[253 259]]

 [[252 260]]

 [[251 260]]

 [[250 261]]

 [[251 262]]

 [[252 262]]

 [[254 264]]

 [[254 265]]

 [[254 264]]

 [[255 263]]

 [[257 263]]

 [[258 262]]

 [[258 260]]]"
493,"[[[900 259]]

 [[899 258]]

 [[898 258]]

 [[896 260]]

 [[896 262]]

 [[897 262]]

 [[898 261]]

 [[899 261]]

 [[899 260]]]"
494,"[[[ 96 257]]

 [[ 95 258]]

 [[ 95 259]]

 [[ 94 260]]

 [[ 95 260]]

 [[ 96 261]]

 [[ 97 261]]

 [[ 98 260]]

 [[ 97 259]]

 [[ 97 257]]]"
495,"[[[846 254]]

 [[846 255]]

 [[847 255]]

 [[848 256]]

 [[848 254]]]"
496,"[[[119 250]]

 [[119 251]]

 [[118 252]]

 [[119 253]]

 [[121 253]]

 [[121 252]]

 [[122 251]]

 [[122 250]]]"
497,"[[[ 75 250]]

 [[ 75 251]]

 [[ 76 252]]

 [[ 77 252]]

 [[ 78 251]]

 [[ 78 250]]]"
498,"[[[943 249]]

 [[943 251]]

 [[945 251]]

 [[945 250]]

 [[944 249]]]"
499,"[[[361 246]]

 [[361 247]]]"
500,"[[[1023  244]]

 [[1023  246]]]"
501,"[[[247 244]]

 [[246 244]]

 [[244 246]]

 [[243 246]]

 [[242 245]]

 [[242 249]]

 [[243 250]]

 [[245 250]]

 [[246 249]]

 [[249 249]]

 [[249 248]]

 [[248 247]]

 [[248 246]]

 [[247 245]]]"
502,"[[[357 245]]

 [[356 245]]

 [[354 243]]

 [[351 243]]

 [[346 248]]

 [[343 248]]

 [[342 250]]

 [[344 250]]

 [[347 252]]

 [[350 251]]

 [[353 254]]

 [[354 254]]

 [[354 253]]

 [[356 251]]

 [[356 249]]

 [[355 248]]]"
503,"[[[213 244]]

 [[214 250]]

 [[220 253]]

 [[225 253]]

 [[226 252]]

 [[232 251]]

 [[233 250]]

 [[233 248]]

 [[230 246]]

 [[222 246]]

 [[219 244]]

 [[216 244]]

 [[215 243]]]"
504,"[[[517 241]]

 [[515 243]]

 [[514 243]]

 [[514 244]]

 [[513 245]]

 [[513 246]]

 [[514 247]]

 [[515 247]]

 [[516 246]]

 [[517 246]]

 [[517 243]]

 [[518 242]]]"
505,"[[[ 72 241]]

 [[ 71 241]]

 [[ 71 242]]

 [[ 70 243]]

 [[ 69 243]]

 [[ 69 245]]

 [[ 70 246]]

 [[ 72 244]]

 [[ 72 243]]

 [[ 73 242]]]"
506,"[[[ 92 239]]

 [[ 92 241]]

 [[ 93 242]]

 [[ 94 241]]

 [[ 98 241]]

 [[ 98 240]]

 [[ 96 240]]

 [[ 95 239]]]"
507,"[[[561 239]]

 [[560 238]]

 [[559 238]]

 [[558 239]]

 [[557 239]]

 [[557 240]]

 [[558 241]]

 [[560 241]]

 [[561 240]]]"
508,"[[[123 238]]

 [[120 238]]

 [[117 241]]

 [[117 243]]

 [[119 243]]

 [[121 241]]

 [[122 241]]

 [[123 240]]]"
509,"[[[214 237]]

 [[213 238]]

 [[213 240]]

 [[214 241]]

 [[214 240]]

 [[215 239]]

 [[214 238]]]"
510,"[[[1023  235]]

 [[1023  237]]]"
511,"[[[923 237]]

 [[921 235]]

 [[919 235]]

 [[918 236]]

 [[917 236]]

 [[915 238]]

 [[915 239]]

 [[916 240]]

 [[917 240]]

 [[918 239]]

 [[919 239]]

 [[920 240]]

 [[922 240]]

 [[923 239]]]"
512,"[[[ 37 234]]

 [[ 37 235]]

 [[ 40 235]]

 [[ 39 234]]]"
513,"[[[930 233]]

 [[930 236]]

 [[931 237]]

 [[932 237]]

 [[932 236]]

 [[930 234]]]"
514,"[[[550 233]]

 [[550 235]]

 [[551 234]]]"
515,[[[ 80 232]]]
516,"[[[ 86 232]]

 [[ 86 234]]

 [[ 87 235]]

 [[ 92 235]]

 [[ 94 233]]

 [[ 94 232]]

 [[ 93 231]]

 [[ 89 231]]

 [[ 88 232]]]"
517,"[[[ 65 230]]

 [[ 64 231]]

 [[ 65 232]]

 [[ 66 232]]

 [[ 67 231]]

 [[ 66 230]]]"
518,"[[[357 230]]

 [[357 233]]

 [[362 233]]

 [[363 232]]

 [[361 230]]

 [[359 230]]

 [[358 229]]]"
519,"[[[392 228]]

 [[393 228]]]"
520,"[[[311 227]]

 [[309 231]]

 [[309 234]]

 [[311 236]]

 [[311 237]]

 [[316 237]]

 [[317 238]]

 [[318 242]]

 [[322 243]]

 [[323 242]]

 [[322 241]]

 [[322 239]]

 [[321 239]]

 [[315 233]]

 [[313 229]]

 [[313 227]]]"
521,"[[[115 229]]

 [[113 227]]

 [[108 226]]

 [[104 230]]

 [[102 230]]

 [[100 231]]

 [[ 98 233]]

 [[ 98 234]]

 [[100 235]]

 [[103 235]]

 [[105 237]]

 [[106 237]]

 [[108 235]]

 [[109 235]]

 [[109 233]]

 [[112 230]]

 [[115 230]]]"
522,"[[[242 225]]

 [[240 227]]

 [[241 228]]

 [[244 226]]

 [[252 231]]

 [[254 235]]

 [[253 243]]

 [[254 244]]

 [[258 244]]

 [[258 241]]

 [[260 240]]

 [[259 230]]

 [[254 229]]

 [[252 231]]

 [[250 226]]]"
523,"[[[924 222]]

 [[924 223]]

 [[926 225]]

 [[926 223]]

 [[925 223]]]"
524,"[[[409 221]]

 [[410 221]]]"
525,"[[[289 221]]

 [[289 222]]

 [[290 223]]

 [[290 221]]]"
526,"[[[376 218]]

 [[376 219]]

 [[375 220]]

 [[375 223]]

 [[376 224]]

 [[379 224]]

 [[380 223]]

 [[380 222]]

 [[379 221]]

 [[379 220]]

 [[378 219]]

 [[378 218]]]"
527,"[[[118 218]]

 [[118 220]]

 [[117 221]]

 [[118 222]]

 [[118 224]]

 [[119 225]]

 [[118 226]]

 [[118 229]]

 [[117 230]]

 [[117 231]]

 [[118 230]]

 [[120 230]]

 [[121 229]]

 [[123 231]]

 [[123 230]]

 [[124 229]]

 [[124 226]]

 [[126 224]]

 [[127 224]]

 [[127 223]]

 [[123 219]]

 [[120 219]]

 [[119 218]]]"
528,"[[[275 218]]

 [[275 220]]

 [[276 221]]

 [[276 222]]

 [[277 222]]

 [[280 224]]

 [[282 224]]

 [[283 223]]

 [[284 223]]

 [[286 221]]

 [[285 220]]

 [[285 218]]

 [[278 218]]

 [[277 217]]

 [[276 217]]]"
529,"[[[352 216]]

 [[351 215]]

 [[350 216]]

 [[349 216]]

 [[349 218]]

 [[350 217]]

 [[351 217]]]"
530,"[[[321 213]]

 [[321 216]]

 [[323 218]]

 [[324 218]]

 [[325 217]]

 [[325 214]]

 [[324 213]]]"
531,"[[[304 213]]

 [[303 213]]

 [[302 214]]

 [[301 214]]

 [[301 219]]

 [[303 219]]

 [[303 217]]

 [[305 215]]

 [[305 214]]]"
532,"[[[ 98 212]]

 [[ 96 212]]

 [[ 92 214]]

 [[ 97 218]]

 [[ 94 221]]

 [[ 93 221]]

 [[ 95 225]]

 [[ 95 229]]

 [[ 96 229]]

 [[ 97 228]]

 [[ 97 226]]

 [[ 99 225]]

 [[ 99 222]]

 [[100 221]]

 [[100 218]]

 [[101 217]]

 [[101 214]]]"
533,"[[[453 210]]

 [[454 210]]

 [[455 209]]

 [[453 209]]]"
534,"[[[367 209]]

 [[368 209]]]"
535,"[[[251 208]]

 [[251 211]]

 [[254 217]]

 [[258 215]]

 [[259 216]]

 [[260 215]]

 [[262 217]]

 [[264 217]]

 [[265 218]]

 [[265 216]]

 [[261 216]]

 [[260 215]]

 [[257 209]]

 [[255 208]]]"
536,[[[378 206]]]
537,[[[285 206]]]
538,"[[[114 206]]

 [[114 208]]

 [[116 208]]

 [[118 210]]

 [[119 209]]

 [[119 208]]

 [[120 207]]

 [[115 207]]]"
539,"[[[237 206]]

 [[236 205]]

 [[235 205]]

 [[234 204]]

 [[233 204]]

 [[232 205]]

 [[232 207]]

 [[231 208]]

 [[231 211]]

 [[235 211]]

 [[237 209]]]"
540,"[[[476 203]]

 [[475 202]]

 [[470 202]]

 [[467 205]]

 [[465 205]]

 [[464 206]]

 [[463 206]]

 [[460 209]]

 [[459 209]]

 [[464 209]]

 [[465 210]]

 [[466 209]]

 [[467 209]]

 [[467 206]]

 [[468 205]]

 [[475 205]]

 [[476 204]]]"
541,"[[[331 201]]

 [[330 202]]

 [[330 204]]

 [[331 205]]

 [[331 206]]

 [[332 207]]

 [[334 207]]

 [[335 206]]

 [[335 205]]

 [[336 204]]

 [[336 203]]

 [[337 202]]

 [[336 201]]]"
542,"[[[342 200]]

 [[343 200]]]"
543,"[[[823 202]]

 [[822 201]]

 [[822 200]]

 [[821 199]]

 [[821 198]]

 [[820 199]]

 [[819 199]]

 [[817 201]]

 [[818 202]]]"
544,"[[[356 198]]

 [[355 199]]

 [[355 200]]

 [[356 200]]]"
545,"[[[310 198]]

 [[310 200]]

 [[311 201]]

 [[311 202]]

 [[312 203]]

 [[314 203]]

 [[316 201]]

 [[316 197]]

 [[312 197]]

 [[311 198]]]"
546,[[[561 190]]]
547,"[[[344 188]]

 [[341 188]]

 [[338 190]]

 [[335 190]]

 [[334 191]]

 [[334 193]]

 [[338 193]]

 [[339 194]]

 [[341 194]]

 [[342 195]]

 [[344 195]]

 [[345 194]]

 [[345 193]]

 [[344 192]]]"
548,"[[[268 188]]

 [[266 188]]

 [[266 189]]

 [[265 190]]

 [[265 191]]

 [[266 192]]

 [[267 192]]

 [[268 191]]]"
549,"[[[318 188]]

 [[319 189]]

 [[320 189]]

 [[321 190]]

 [[322 190]]

 [[323 189]]

 [[323 187]]

 [[319 187]]]"
550,"[[[241 186]]

 [[241 189]]

 [[244 192]]

 [[246 190]]

 [[245 189]]

 [[245 188]]

 [[243 186]]]"
551,"[[[282 185]]

 [[278 188]]

 [[279 195]]

 [[285 197]]

 [[286 199]]

 [[285 202]]

 [[289 207]]

 [[292 205]]

 [[295 208]]

 [[298 204]]

 [[300 204]]

 [[301 197]]

 [[300 196]]

 [[297 197]]

 [[292 196]]

 [[289 193]]

 [[288 187]]]"
552,"[[[174 185]]

 [[169 198]]

 [[177 212]]

 [[165 215]]

 [[170 222]]

 [[164 233]]

 [[166 246]]

 [[179 256]]

 [[184 234]]

 [[174 236]]

 [[176 242]]

 [[171 245]]

 [[167 229]]

 [[180 228]]

 [[182 209]]

 [[186 218]]

 [[202 210]]

 [[180 203]]

 [[180 193]]]"
553,[[[384 184]]]
554,"[[[852 185]]

 [[852 187]]

 [[853 188]]

 [[854 188]]

 [[855 187]]

 [[859 187]]

 [[860 186]]

 [[861 186]]

 [[861 185]]

 [[859 183]]

 [[854 183]]]"
555,"[[[382 184]]

 [[381 183]]

 [[379 185]]

 [[380 185]]

 [[381 184]]]"
556,"[[[346 183]]

 [[346 185]]

 [[347 186]]

 [[349 186]]

 [[349 184]]

 [[348 183]]]"
557,"[[[334 181]]

 [[335 182]]

 [[336 182]]

 [[336 181]]]"
558,"[[[1023  176]]

 [[1023  179]]]"
559,"[[[179 174]]

 [[180 175]]

 [[183 175]]

 [[184 176]]

 [[186 176]]

 [[186 174]]

 [[183 174]]

 [[182 173]]

 [[181 174]]

 [[180 173]]]"
560,"[[[879 169]]

 [[879 170]]

 [[880 171]]

 [[881 171]]

 [[882 170]]

 [[882 169]]]"
561,"[[[806 167]]

 [[805 168]]

 [[805 169]]

 [[806 168]]]"
562,"[[[324 167]]

 [[323 168]]

 [[316 169]]

 [[314 174]]

 [[315 175]]

 [[306 181]]

 [[306 182]]

 [[313 181]]

 [[317 185]]

 [[322 184]]

 [[323 181]]

 [[327 178]]

 [[327 172]]]"
563,"[[[302 165]]

 [[301 166]]

 [[301 168]]

 [[304 168]]

 [[305 167]]

 [[304 166]]

 [[304 165]]]"
564,"[[[275 165]]

 [[272 166]]

 [[268 170]]

 [[269 171]]

 [[269 172]]

 [[270 172]]

 [[271 173]]

 [[271 174]]

 [[270 175]]

 [[270 178]]

 [[271 178]]

 [[272 179]]

 [[273 178]]

 [[275 178]]

 [[277 176]]

 [[277 175]]

 [[276 174]]

 [[276 172]]

 [[275 171]]

 [[275 168]]

 [[276 167]]

 [[276 166]]]"
565,"[[[219 168]]

 [[219 170]]

 [[220 171]]

 [[221 170]]

 [[223 170]]

 [[224 171]]

 [[227 171]]

 [[230 174]]

 [[231 177]]

 [[232 177]]

 [[232 175]]

 [[231 174]]

 [[232 173]]

 [[232 170]]

 [[233 169]]

 [[233 165]]

 [[230 165]]

 [[227 167]]

 [[225 167]]

 [[223 169]]]"
566,"[[[509 165]]

 [[511 165]]

 [[512 166]]

 [[522 166]]

 [[523 165]]

 [[523 163]]

 [[522 163]]

 [[521 164]]

 [[519 164]]

 [[518 165]]

 [[517 165]]

 [[515 163]]

 [[513 163]]

 [[511 165]]]"
567,"[[[198 163]]

 [[199 164]]

 [[199 165]]

 [[200 165]]

 [[207 171]]

 [[208 170]]

 [[210 170]]

 [[212 168]]

 [[213 168]]

 [[213 167]]

 [[210 164]]

 [[205 164]]

 [[202 162]]

 [[199 162]]]"
568,"[[[445 160]]

 [[444 161]]

 [[445 161]]

 [[446 162]]

 [[446 160]]]"
569,"[[[466 159]]

 [[461 162]]

 [[460 166]]

 [[466 170]]

 [[472 172]]

 [[472 174]]

 [[468 179]]

 [[467 187]]

 [[472 183]]

 [[478 174]]

 [[475 171]]

 [[477 166]]

 [[474 164]]

 [[471 165]]

 [[469 161]]]"
570,"[[[429 159]]

 [[427 159]]

 [[426 160]]

 [[426 161]]

 [[427 162]]

 [[427 163]]

 [[430 160]]]"
571,"[[[436 160]]

 [[436 161]]

 [[437 162]]

 [[439 162]]

 [[440 161]]

 [[441 161]]

 [[441 160]]

 [[439 158]]

 [[438 158]]]"
572,"[[[568 157]]

 [[566 157]]

 [[565 158]]

 [[566 159]]

 [[567 159]]

 [[568 158]]]"
573,"[[[200 157]]

 [[202 157]]]"
574,"[[[259 163]]

 [[258 158]]

 [[249 159]]

 [[247 157]]

 [[249 156]]

 [[248 155]]

 [[245 158]]

 [[240 160]]

 [[238 159]]

 [[234 160]]

 [[233 159]]

 [[232 160]]

 [[238 166]]

 [[244 164]]

 [[247 159]]

 [[251 159]]

 [[253 162]]

 [[257 164]]]"
575,"[[[311 152]]

 [[311 154]]]"
576,"[[[294 152]]

 [[293 153]]

 [[293 154]]

 [[290 157]]

 [[290 158]]

 [[291 159]]

 [[291 160]]

 [[293 162]]

 [[295 162]]

 [[296 163]]

 [[298 163]]

 [[300 161]]

 [[300 157]]

 [[301 156]]

 [[302 153]]

 [[301 152]]]"
577,"[[[830 151]]

 [[830 152]]

 [[832 152]]

 [[832 151]]]"
578,"[[[438 151]]

 [[439 152]]

 [[439 154]]

 [[441 154]]

 [[442 153]]

 [[441 152]]

 [[439 152]]]"
579,"[[[395 150]]

 [[381 153]]

 [[383 163]]

 [[376 167]]

 [[377 170]]

 [[373 175]]

 [[373 165]]

 [[371 163]]

 [[367 165]]

 [[369 171]]

 [[368 177]]

 [[370 180]]

 [[380 180]]

 [[380 175]]

 [[384 171]]

 [[384 163]]

 [[388 159]]

 [[392 160]]

 [[395 158]]]"
580,"[[[254 150]]

 [[254 151]]]"
581,"[[[ 50 151]]

 [[ 49 150]]

 [[ 46 150]]

 [[ 42 154]]

 [[ 42 156]]

 [[ 43 156]]

 [[ 44 155]]

 [[ 45 155]]

 [[ 46 154]]

 [[ 48 154]]

 [[ 49 153]]

 [[ 50 153]]]"
582,"[[[418 149]]

 [[412 153]]

 [[412 161]]

 [[407 164]]

 [[401 175]]

 [[391 174]]

 [[391 178]]

 [[394 176]]

 [[405 178]]

 [[407 172]]

 [[416 168]]

 [[418 170]]

 [[424 170]]

 [[421 169]]

 [[418 164]]

 [[418 156]]

 [[420 153]]]"
583,"[[[478 148]]

 [[478 151]]

 [[479 152]]

 [[480 151]]

 [[483 154]]

 [[484 154]]

 [[485 155]]

 [[487 155]]

 [[487 153]]

 [[485 153]]

 [[484 152]]

 [[483 153]]

 [[482 152]]

 [[482 151]]

 [[481 150]]

 [[481 149]]

 [[480 148]]]"
584,"[[[269 150]]

 [[266 150]]

 [[265 149]]

 [[264 149]]

 [[263 148]]

 [[262 148]]

 [[261 149]]

 [[260 149]]

 [[258 151]]

 [[257 151]]

 [[257 153]]

 [[259 155]]

 [[264 155]]

 [[266 153]]

 [[267 153]]

 [[269 151]]]"
585,"[[[234 147]]

 [[233 148]]

 [[233 151]]

 [[234 151]]

 [[235 150]]

 [[235 148]]]"
586,[[[444 146]]]
587,[[[525 145]]]
588,"[[[427 143]]

 [[423 143]]

 [[423 146]]

 [[424 146]]

 [[425 147]]

 [[427 145]]]"
589,"[[[432 143]]

 [[432 145]]

 [[434 145]]

 [[435 146]]

 [[435 143]]

 [[434 142]]

 [[433 143]]]"
590,[[[367 142]]]
591,"[[[363 143]]

 [[362 143]]

 [[361 142]]

 [[359 142]]

 [[358 143]]

 [[358 147]]

 [[359 148]]

 [[361 146]]

 [[362 146]]

 [[363 145]]]"
592,"[[[471 141]]

 [[471 142]]

 [[473 144]]

 [[473 146]]

 [[476 146]]

 [[476 145]]

 [[477 144]]

 [[474 141]]]"
593,"[[[240 141]]

 [[240 142]]

 [[241 143]]

 [[242 143]]

 [[242 141]]]"
594,[[[234 141]]]
595,"[[[293 136]]

 [[293 138]]

 [[295 140]]

 [[300 140]]

 [[300 137]]

 [[299 136]]]"
596,"[[[286 134]]

 [[286 135]]

 [[285 136]]

 [[285 138]]

 [[288 138]]

 [[288 135]]

 [[287 134]]]"
597,"[[[429 133]]

 [[429 134]]

 [[430 135]]

 [[432 135]]

 [[432 133]]]"
598,"[[[382 133]]

 [[381 134]]]"
599,"[[[422 131]]

 [[421 132]]

 [[420 132]]

 [[419 133]]

 [[419 134]]

 [[421 136]]

 [[423 136]]

 [[424 135]]

 [[425 135]]

 [[425 133]]

 [[424 132]]

 [[423 132]]]"
600,"[[[472 128]]

 [[472 129]]

 [[473 129]]

 [[473 128]]]"
601,"[[[985 126]]

 [[986 127]]

 [[986 126]]]"
602,"[[[537 126]]

 [[537 128]]

 [[538 129]]

 [[539 129]]

 [[539 126]]]"
603,"[[[349 125]]

 [[349 127]]

 [[348 128]]

 [[348 129]]

 [[349 130]]

 [[349 131]]

 [[350 131]]

 [[353 134]]

 [[356 134]]

 [[358 131]]

 [[357 130]]

 [[357 128]]

 [[354 125]]]"
604,"[[[264 125]]

 [[265 126]]

 [[270 126]]

 [[271 127]]

 [[273 127]]

 [[274 128]]

 [[275 128]]

 [[278 126]]

 [[277 125]]]"
605,"[[[976 123]]

 [[976 125]]

 [[977 124]]

 [[978 124]]

 [[977 123]]]"
606,"[[[944 123]]

 [[945 123]]]"
607,"[[[468 123]]

 [[467 124]]

 [[466 124]]

 [[465 125]]

 [[465 126]]

 [[464 127]]

 [[464 128]]

 [[465 129]]

 [[467 129]]

 [[468 130]]

 [[469 130]]

 [[469 129]]

 [[470 128]]

 [[470 127]]

 [[471 126]]

 [[471 125]]

 [[469 123]]]"
608,"[[[855 122]]

 [[857 122]]

 [[858 121]]

 [[855 121]]]"
609,[[[349 119]]]
610,"[[[548 118]]

 [[548 119]]

 [[550 121]]

 [[553 121]]

 [[554 120]]

 [[553 119]]

 [[553 118]]]"
611,"[[[285 118]]

 [[285 120]]

 [[287 120]]

 [[288 121]]

 [[291 121]]

 [[291 118]]]"
612,[[[856 116]]]
613,"[[[329 116]]

 [[321 120]]

 [[318 119]]

 [[313 125]]

 [[310 125]]

 [[309 128]]

 [[311 130]]

 [[316 130]]

 [[317 132]]

 [[323 135]]

 [[322 128]]

 [[323 124]]

 [[321 123]]

 [[318 125]]

 [[316 122]]

 [[320 120]]

 [[323 121]]

 [[326 125]]

 [[328 123]]]"
614,"[[[414 115]]

 [[415 114]]

 [[416 115]]

 [[417 115]]

 [[419 113]]

 [[416 113]]

 [[415 114]]

 [[414 114]]]"
615,"[[[475 114]]

 [[474 113]]

 [[474 112]]

 [[473 112]]

 [[472 113]]

 [[470 113]]

 [[469 114]]

 [[469 115]]

 [[470 116]]

 [[473 116]]]"
616,"[[[408 112]]

 [[408 114]]

 [[407 115]]

 [[407 118]]

 [[408 119]]

 [[408 122]]

 [[407 123]]

 [[407 124]]

 [[410 124]]

 [[410 119]]

 [[412 117]]

 [[411 117]]

 [[410 116]]

 [[410 114]]]"
617,"[[[913 110]]

 [[912 111]]

 [[908 111]]

 [[908 112]]

 [[906 114]]

 [[905 114]]

 [[903 116]]

 [[901 116]]

 [[901 119]]

 [[903 122]]

 [[903 124]]

 [[905 124]]

 [[907 123]]

 [[910 117]]

 [[910 115]]

 [[914 113]]

 [[914 111]]]"
618,[[[298 110]]]
619,"[[[549 106]]

 [[549 108]]

 [[550 109]]

 [[553 109]]

 [[552 109]]

 [[551 108]]

 [[551 107]]

 [[550 106]]]"
620,"[[[761 105]]

 [[761 106]]

 [[762 106]]

 [[762 105]]]"
621,"[[[751 102]]

 [[751 105]]

 [[752 106]]

 [[753 106]]

 [[753 103]]

 [[752 102]]]"
622,"[[[310 102]]

 [[311 103]]

 [[311 104]]

 [[312 104]]

 [[313 105]]

 [[314 105]]

 [[315 104]]

 [[316 104]]

 [[318 102]]

 [[322 102]]

 [[323 101]]

 [[320 101]]

 [[319 100]]

 [[312 100]]]"
623,"[[[359 100]]

 [[358 101]]

 [[355 102]]

 [[352  99]]

 [[353  98]]

 [[352  97]]

 [[352  99]]

 [[350 101]]

 [[350 105]]

 [[351 106]]

 [[351 107]]

 [[353 105]]

 [[355 105]]

 [[356 104]]

 [[357 104]]

 [[359 102]]]"
624,"[[[586  98]]

 [[586  97]]

 [[585  96]]

 [[584  97]]

 [[583  97]]

 [[584  98]]]"
625,"[[[1004   95]]

 [[1003   95]]

 [[1002   96]]

 [[1002   98]]

 [[1003   99]]

 [[1004   98]]

 [[1004   97]]

 [[1005   96]]]"
626,"[[[454  96]]

 [[455  97]]

 [[459  97]]

 [[459  95]]

 [[455  95]]]"
627,"[[[436  95]]

 [[435  95]]

 [[435  96]]

 [[433  98]]

 [[433  99]]

 [[434 100]]

 [[436 100]]]"
628,[[[352  94]]]
629,"[[[911  93]]

 [[910  93]]

 [[909  94]]

 [[909  95]]

 [[908  96]]

 [[908  98]]

 [[910  98]]

 [[912  96]]

 [[912  94]]]"
630,"[[[900  93]]

 [[900  95]]

 [[896  97]]

 [[890  94]]

 [[887  94]]

 [[885  97]]

 [[885 101]]

 [[886 102]]

 [[888 102]]

 [[891 100]]

 [[894 100]]

 [[895  99]]

 [[897 100]]

 [[899  98]]]"
631,"[[[523  91]]

 [[519  95]]

 [[519  96]]

 [[520  97]]

 [[522  97]]

 [[523  96]]

 [[525  96]]

 [[525  93]]]"
632,"[[[382  91]]

 [[381  92]]

 [[381  93]]

 [[383  95]]

 [[384  95]]

 [[386  93]]

 [[386  92]]

 [[385  92]]

 [[384  91]]]"
633,[[[405  87]]]
634,"[[[797  86]]

 [[797  90]]

 [[801  90]]

 [[802  89]]

 [[801  88]]

 [[801  87]]

 [[800  87]]

 [[799  86]]]"
635,"[[[500  83]]

 [[498  83]]

 [[497  84]]

 [[496  84]]

 [[495  85]]

 [[495  89]]

 [[496  90]]

 [[496  91]]

 [[497  92]]

 [[498  92]]

 [[499  91]]

 [[499  90]]

 [[500  89]]

 [[500  87]]

 [[501  86]]

 [[501  84]]]"
636,"[[[398  82]]

 [[398  88]]

 [[399  89]]

 [[400  89]]

 [[401  88]]

 [[401  87]]

 [[399  85]]

 [[400  84]]

 [[400  83]]

 [[399  82]]]"
637,"[[[506  79]]

 [[505  80]]

 [[505  81]]

 [[506  81]]]"
638,"[[[426  78]]

 [[426  79]]

 [[427  80]]

 [[428  80]]

 [[428  78]]]"
639,"[[[505  77]]

 [[506  77]]]"
640,[[[961  73]]]
641,"[[[898  73]]

 [[896  73]]

 [[894  75]]

 [[894  76]]

 [[893  77]]

 [[893  79]]

 [[892  80]]

 [[892  82]]

 [[895  85]]

 [[897  85]]

 [[899  83]]

 [[899  81]]

 [[901  78]]

 [[901  75]]]"
642,"[[[414  74]]

 [[414  76]]

 [[415  76]]

 [[416  77]]

 [[419  77]]

 [[419  74]]

 [[418  73]]

 [[418  72]]

 [[417  72]]

 [[415  74]]]"
643,"[[[874  71]]

 [[873  71]]

 [[873  72]]

 [[872  73]]

 [[872  74]]

 [[871  75]]

 [[870  75]]

 [[874  75]]

 [[875  74]]

 [[875  73]]

 [[874  72]]]"
644,"[[[796  71]]

 [[796  73]]]"
645,"[[[494  69]]

 [[494  70]]

 [[496  70]]

 [[500  74]]

 [[503  74]]

 [[504  73]]

 [[504  71]]

 [[502  69]]

 [[500  69]]

 [[499  68]]

 [[498  69]]]"
646,"[[[433  68]]

 [[431  68]]

 [[431  70]]

 [[432  70]]

 [[433  69]]]"
647,"[[[385  76]]

 [[382  76]]

 [[380  75]]

 [[378  73]]

 [[380  69]]

 [[379  68]]

 [[377  68]]

 [[375  69]]

 [[375  74]]

 [[371  78]]

 [[369  78]]

 [[369  79]]

 [[371  78]]

 [[374  78]]

 [[375  77]]

 [[380  77]]

 [[382  79]]

 [[383  79]]]"
648,"[[[404  67]]

 [[403  68]]

 [[403  70]]

 [[404  70]]

 [[405  71]]

 [[406  71]]

 [[406  67]]]"
649,"[[[392  66]]

 [[390  66]]

 [[389  67]]

 [[389  68]]

 [[388  69]]

 [[388  70]]

 [[389  70]]

 [[390  71]]

 [[391  71]]

 [[392  70]]

 [[392  69]]

 [[393  68]]

 [[394  68]]

 [[394  67]]

 [[393  67]]]"
650,"[[[220  65]]

 [[220  67]]

 [[223  67]]

 [[224  66]]

 [[223  65]]]"
651,"[[[445  64]]

 [[443  68]]

 [[445  76]]

 [[443  78]]

 [[440  77]]

 [[439  78]]

 [[438  85]]

 [[446  94]]

 [[448  94]]

 [[452  91]]

 [[449  87]]

 [[451  82]]

 [[451  74]]

 [[449  69]]

 [[452  67]]

 [[455  68]]

 [[451  67]]

 [[449  64]]]"
652,"[[[406  61]]

 [[405  62]]

 [[406  63]]]"
653,"[[[390  61]]

 [[390  62]]

 [[391  63]]

 [[392  62]]

 [[394  62]]

 [[395  63]]

 [[396  62]]

 [[397  62]]

 [[396  62]]

 [[395  61]]]"
654,"[[[859  60]]

 [[859  63]]

 [[860  64]]

 [[860  65]]

 [[861  66]]

 [[862  65]]

 [[864  65]]

 [[864  64]]

 [[865  63]]

 [[864  62]]

 [[864  61]]

 [[862  61]]

 [[861  60]]]"
655,"[[[500  60]]

 [[500  64]]

 [[501  65]]

 [[503  65]]

 [[504  64]]

 [[504  63]]

 [[503  62]]

 [[502  62]]]"
656,[[[816  59]]]
657,[[[817  57]]]
658,"[[[869  51]]

 [[868  52]]

 [[868  53]]

 [[867  54]]

 [[867  57]]

 [[868  58]]

 [[868  59]]

 [[870  61]]

 [[872  61]]

 [[874  59]]

 [[874  58]]

 [[873  57]]

 [[873  55]]

 [[872  54]]

 [[872  53]]

 [[870  51]]]"
659,"[[[884  50]]

 [[883  50]]

 [[881  52]]

 [[881  56]]

 [[880  57]]

 [[880  60]]

 [[881  61]]

 [[881  67]]

 [[883  67]]

 [[883  63]]

 [[885  61]]

 [[885  54]]

 [[884  53]]]"
660,[[[816  48]]]
661,"[[[435  46]]

 [[433  46]]

 [[427  51]]

 [[419  53]]

 [[413  59]]

 [[414  60]]

 [[419  60]]

 [[422  56]]

 [[428  55]]

 [[429  56]]

 [[434  56]]

 [[436  60]]

 [[437  60]]

 [[438  57]]]"
662,"[[[966  45]]

 [[965  45]]

 [[964  46]]

 [[964  47]]

 [[963  48]]

 [[964  49]]

 [[965  48]]

 [[965  47]]

 [[966  46]]]"
663,[[[427  45]]]
664,"[[[ 4 45]]

 [[ 4 46]]

 [[ 5 47]]

 [[ 5 48]]

 [[ 6 48]]

 [[ 7 47]]

 [[ 7 46]]

 [[ 6 45]]]"
665,"[[[457  43]]

 [[456  44]]

 [[456  48]]

 [[458  48]]

 [[459  49]]

 [[461  49]]

 [[461  48]]

 [[459  46]]

 [[459  44]]

 [[458  43]]]"
666,"[[[719  37]]

 [[719  38]]

 [[718  39]]

 [[718  41]]

 [[719  41]]

 [[720  40]]

 [[720  38]]]"
667,"[[[476  40]]

 [[476  43]]

 [[479  45]]

 [[480  45]]

 [[482  43]]

 [[486  48]]

 [[490  48]]

 [[491  47]]

 [[492  43]]

 [[491  42]]

 [[490  38]]

 [[485  38]]

 [[484  37]]

 [[483  38]]

 [[478  38]]]"
668,"[[[882  33]]

 [[881  34]]

 [[880  34]]

 [[878  36]]

 [[878  38]]

 [[881  41]]

 [[881  42]]

 [[882  42]]

 [[884  44]]

 [[885  44]]

 [[885  42]]

 [[887  39]]

 [[886  38]]

 [[886  37]]

 [[887  36]]

 [[886  35]]

 [[886  34]]

 [[885  34]]

 [[884  33]]]"
669,"[[[594  33]]

 [[595  33]]]"
670,"[[[598  33]]

 [[599  34]]

 [[599  35]]

 [[604  35]]

 [[604  34]]

 [[603  34]]

 [[602  33]]

 [[602  32]]

 [[599  32]]]"
671,"[[[468  32]]

 [[468  33]]

 [[469  34]]

 [[470  34]]

 [[471  33]]

 [[470  32]]]"
672,"[[[114  32]]

 [[115  31]]

 [[116  31]]

 [[114  31]]]"
673,"[[[802  27]]

 [[801  28]]

 [[801  29]]

 [[802  30]]

 [[803  29]]

 [[803  28]]]"
674,"[[[1023   26]]

 [[1023   39]]]"
675,"[[[ 1 20]]

 [[ 1 22]]

 [[ 2 21]]]"
676,"[[[143  15]]

 [[141  15]]

 [[140  16]]

 [[140  17]]

 [[141  16]]

 [[142  16]]]"
677,"[[[204  10]]

 [[204  11]]

 [[205  11]]]"
678,"[[[239   5]]

 [[241   5]]]"
679,"[[[199   4]]

 [[203   8]]

 [[204   8]]

 [[204   6]]

 [[203   5]]

 [[201   5]]

 [[200   4]]]"
680,"[[[157   4]]

 [[157   5]]

 [[158   6]]

 [[158   7]]

 [[161   7]]

 [[161   5]]

 [[162   4]]]"
681,"[[[146   7]]

 [[148   7]]

 [[149   6]]

 [[150   6]]

 [[151   5]]

 [[152   5]]

 [[151   4]]

 [[147   4]]

 [[146   5]]]"
682,"[[[1023    0]]

 [[1023    3]]

 [[1022    4]]

 [[1022   10]]

 [[1023   11]]

 [[1023   14]]]"
683,"[[[967   0]]

 [[972   0]]]"
684,"[[[960   0]]

 [[961   0]]]"
685,[[[958   0]]]
686,"[[[924   0]]

 [[925   0]]]"
687,"[[[778   0]]

 [[780   0]]]"
688,"[[[729   0]]

 [[733   0]]]"
689,"[[[685   0]]

 [[690   0]]

 [[691   1]]

 [[692   1]]

 [[693   0]]

 [[694   0]]]"
690,[[[656   0]]]
691,"[[[642   0]]

 [[643   0]]]"
692,"[[[618   0]]

 [[625   0]]]"
693,"[[[327   0]]

 [[330   0]]]"
694,"[[[266   0]]

 [[268   0]]]"
695,"[[[246   0]]

 [[260   0]]]"
696,[[[239   0]]]
697,"[[[225   0]]

 [[228   0]]

 [[229   1]]

 [[230   1]]

 [[231   0]]

 [[237   0]]]"
698,"[[[198   0]]

 [[210   0]]]"
699,"[[[171   0]]

 [[172   0]]]"
700,"[[[71  0]]

 [[72  0]]]"
701,"[[[47  0]]

 [[48  0]]]"
